"Dim.1","Dim.2","Dim.3","Dim.4","Dim.5","Country"
-3.58186068353007,-0.893868097498299,0.241230138958758,0.0468453436197526,0.935926492827588,"Afghanistan"
-0.505221844731912,-0.732335671557901,-0.20112465423131,0.65581841214942,-2.34429788881972,"Albania"
-0.940532630123141,-0.78549838724473,-0.0370337423769035,0.18000095408417,-0.875497883992259,"Algeria"
-3.60066157551026,0.12645381770909,0.142773687948465,-0.16497075782406,0.786530448986038,"Angola"
1.5468727178626,3.20489408471138,0.586437444424773,-1.01510451034001,-2.83880664527926,"Argentina"
-1.12123842939619,-0.92548522082568,0.576337726437426,0.0589692739577426,-0.795938915523964,"Armenia"
5.36098185452607,3.80236663752181,3.74564726213627,-1.26416042010803,0.729456212199327,"Australia"
3.9760563209195,-1.0387180837276,-0.692391405292595,-1.41949620730178,0.277991660971212,"Austria"
-0.644573211725493,-0.978001311866684,0.333016172912291,0.260483617782586,-1.39002507908089,"Azerbaijan"
3.28509167004729,-1.94779791713723,1.88681039256519,0.401563031052704,1.84286856760753,"Bahrain"
-2.48202065038163,-0.956082605290038,-0.524635869366625,-0.503291298640089,-0.475156732596603,"Bangladesh"
0.520013670971541,-1.61592106530964,0.498333471660078,1.29893504942441,-0.29344130268691,"Barbados"
1.66672675849454,0.0109904856213332,-0.832518803909451,-0.0296801203947315,-1.44424365185844,"Belarus"
4.17881873235191,-1.76593550625173,-0.232353564043127,-1.30831097438605,0.0140202813045264,"Belgium"
1.20298232780019,0.763584846800242,1.09512197639308,12.0101624657646,1.01700497920107,"Belize"
-3.07202228570098,-0.512592007746184,-0.911481083191344,-0.704605016504699,1.4402817084825,"Benin"
0.958115561296489,1.30312462093564,-1.58359616738483,-2.27911379890362,0.353393537001235,"Bhutan"
-0.728843050245927,4.19654864942137,2.60389977252675,-1.1077050462926,-1.51491060354208,"Bolivia"
1.03765302200635,-0.496863636646453,-0.0197064205428728,0.312040166597694,-1.68641811267762,"Bosnia and Herzegovina"
-1.7476048214276,0.558755813154963,1.16451623234564,0.22582814770837,0.00722987168874807,"Botswana"
0.389998817028098,2.57372784872364,-0.109719805145249,-1.00526301505847,-2.73251938265948,"Brazil"
2.2160016988122,-0.963522665835084,1.23639083358595,1.09850696957308,1.17225105243612,"Brunei Darussalam"
1.66352682437859,-0.0960666201864435,-1.36548813262878,-0.906508170231339,-1.48656361575749,"Bulgaria"
-3.53099559473826,-0.203427808136417,-0.778325582022998,-0.879916283788353,1.52676107917454,"Burkina Faso"
-3.90969683956625,-0.378706651051481,-0.871593686584611,-0.755600311277002,1.57252130400755,"Burundi"
-3.0836294621529,-0.0569739807942028,-0.568125339238084,-0.588375649489377,0.557509405067543,"Cameroon"
7.08729560171671,2.48212497738837,-1.47030599696232,-1.2860844112065,1.67204100998567,"Canada"
-4.65013370350849,1.09223921973853,0.109717812616625,-0.616573966644615,2.54102409147369,"Central African Republic"
-4.30593556324149,1.07276148298376,1.14585603365519,-1.16864518670696,2.31781865089739,"Chad"
1.79265163193303,1.61044127892775,-0.666724281486522,-0.14842862934026,-1.68723472280753,"Chile"
0.30419690917462,-1.23093593393001,0.163159255692471,-0.571102229965028,-3.04142540701802,"China"
-0.907882824490349,1.57017398583261,1.003849884274,0.193630845160469,-2.43246756062619,"Colombia"
-3.2970072517193,1.35783516531822,0.4838013149381,-0.0209983331064003,0.884043943410292,"Congo"
-4.11112058918883,-0.151998167957019,-0.885660461827799,-0.520772186708845,1.79156590868564,"Congo, Democratic Republic of"
-0.246340990016892,-0.460745779743147,-0.234177234537897,1.02491897545187,-1.85400006354377,"Costa Rica"
-2.809407510476,0.215028126020445,-0.778193144136611,-1.0496337241395,0.344543683212781,"Côte d'Ivoire"
1.68992585730699,-0.788506585667739,-0.68826166781309,-0.125594999447146,-1.02315008037656,"Croatia"
-0.778587509420101,-1.0418731004191,0.00887672737186247,1.53667380588654,-1.98287708749136,"Cuba"
3.64264474197592,-0.698539106366468,-0.790545025226709,-1.56630987736276,0.348381340589184,"Czech Republic"
4.63159610181986,-0.246631621922141,-1.09978044739227,-0.306034193640306,0.287123232528706,"Denmark"
-1.12993778543895,-0.88540597302761,-0.0622950202642965,1.26921186277306,-1.73429329857067,"Dominican Republic"
-1.60852549278794,-0.606599965013157,0.073640855556544,1.09563216945599,-0.803697933432404,"El Salvador"
6.01081826297542,2.81305005258036,-3.30535461298904,-1.00717916293484,3.37008602904278,"Estonia"
-2.41601876076812,0.669323563983056,0.076123162522826,-1.03357277293849,1.30092899103268,"Eswatini"
-3.52062875320491,-0.373145392979072,-0.792173419754129,-0.731346159530588,1.32189831717826,"Ethiopia"
-0.863150729892688,0.016743717290298,-0.216032289550031,1.28211076291973,-0.829858517421451,"Fiji"
6.36095717109658,1.9633121368556,-2.67006216351221,-0.969528343643069,2.31764264572174,"Finland"
3.23251910035764,-1.01449876066316,-0.889276218976283,-1.39833721298863,-0.695102970290172,"France"
-1.37409617718631,2.27793561181892,-1.37710289369943,1.62644008942792,0.566461166630263,"Gabon"
-3.66451769578014,-0.600168262990788,-0.598044743628102,-0.0673661464617185,1.52318753111496,"Gambia"
-1.06408690122678,-0.828953272343729,0.876331944418392,1.2002606068499,-0.538911795642995,"Georgia"
3.3793134883714,-1.39504222356319,-0.578933667499032,-1.22499115496733,-0.199634918847422,"Germany"
-2.02863565116649,0.0813372893605138,-0.897641487447795,-0.840960383500875,0.3443373518508,"Ghana"
2.08043769982459,-1.25501702226141,0.0545688091253466,-0.601209615793382,-0.247535890109905,"Greece"
-1.68921091209692,-0.381491358400511,-0.261378796182144,0.422103247484644,-0.771603697317908,"Guatemala"
-3.20055356476479,0.499436747870669,0.0211266783118394,-0.905927348679475,1.73543287425646,"Guinea"
0.995002866546386,9.21215359007113,-4.77751248038447,1.47792918171075,0.0481285115571587,"Guyana"
-3.75127474372193,-0.882056841823156,-0.317198568601828,0.922665833013735,0.650265006761943,"Haiti"
2.34525228857847,-0.817550937701288,-1.40091349052148,-1.32249670373586,-0.692142810940335,"Hungary"
-2.45766171926401,-1.03238484895652,0.00590400234586186,-0.605794496880987,-2.18613603248808,"India"
-1.38119955618322,-0.499130487772407,-0.125073235353975,-0.0102156595380521,-1.22160918906935,"Indonesia"
0.146627603196218,-1.22948683110649,0.530544569113324,1.42483112405089,-0.941000245874113,"Iran, Islamic Republic of"
-1.95875122519404,-1.22026375729735,0.673052996790772,1.12374190333204,-0.0856445932944013,"Iraq"
4.1943959444933,-0.459290718595543,0.386632115814735,0.211447189686933,0.5717166609208,"Ireland"
1.97737234978813,-2.04987722006449,0.978212470713115,0.28777616904961,0.0274615834309256,"Israel"
2.36568172244867,-1.62943851266447,-0.185795874719339,-0.493505893493949,-0.318152816245949,"Italy"
-1.31021250127081,-1.03978178228214,-0.101716769692791,1.62743777691717,-1.52621275322217,"Jamaica"
2.23115502121828,-1.75933302271198,0.729461336878116,0.396187814471051,-0.387617833229015,"Japan"
-1.16236252567486,-1.26692506697964,0.136147990245792,0.543001056769147,-1.2697466645055,"Jordan"
1.75046561373526,-0.277312092018138,1.3156330833886,-0.286336682591359,-0.987365752337517,"Kazakhstan"
-3.33244555870553,-0.430626306094145,-0.278154918310777,-0.370945959807962,1.11253389305914,"Kenya"
2.91632059930649,-1.67491957417375,1.00470195339074,0.695183125978079,0.0542073157966134,"Korea, Republic of"
3.58738220144022,-1.88769968249103,1.40587299008801,-0.420149177935468,1.86197891795641,"Kuwait"
-1.68200742850097,-0.876893858641383,0.24363519649338,0.271924235539812,-0.060075773692848,"Kyrgyzstan"
-1.226172414457,-0.0831505434926298,-0.520741929974539,-1.42952662665684,-0.989184317845322,"Lao People's Democratic Republic"
4.60837089970677,1.85764078236967,-3.15706423500108,-1.54436047915944,1.73017362181652,"Latvia"
-0.416106814924788,-1.28256812445432,0.569873472713012,0.526939531541594,-1.13121193133659,"Lebanon"
-3.73700551913775,0.358890454965206,0.629084035025685,-0.271871857902673,1.41722599879333,"Lesotho"
-3.74015234200023,0.125540327286803,-0.865388026047247,0.406782772685994,2.23816032162101,"Liberia"
3.14924036783491,0.470228705617295,-1.54559568018297,-1.4169762760253,-0.921261660928371,"Lithuania"
6.95391601445865,-1.84259368046357,1.03668545384149,-0.968301906254272,2.65498566678544,"Luxembourg"
-3.75607259456306,0.322730869487965,0.196669738425348,-0.600924438677873,1.50115283722136,"Madagascar"
-3.66419914424374,-0.416568976537272,-0.815967223335108,-0.696300123269065,1.37584174600798,"Malawi"
1.06321186003315,-0.421285156869584,-0.0551474400276147,0.742961463096134,-1.14540776231274,"Malaysia"
-3.31373883144831,0.368701977267935,-0.0865717819165926,-1.37614452082113,1.43881843625663,"Mali"
-2.54241885925847,2.48205080807476,2.95599125190082,0.088863697568795,1.12032849238385,"Mauritania"
-0.0339709149058708,-0.418559328323985,-0.0398217175789647,0.0171304147289166,-1.04805649684032,"Mexico"
0.487307820685716,7.91677578714833,12.075098016835,-2.73720815727061,0.194536012646716,"Mongolia"
0.445493420072308,-0.47387106641484,0.182414796231463,0.886454081785672,-1.3468537487196,"Montenegro"
-1.57290629884447,-0.540291097758642,-0.0400580785329032,0.406342625728092,-0.367775984595708,"Morocco"
-4.11901507450607,-0.114204736753096,-0.529890206233436,-0.450743321467551,1.78416682868862,"Mozambique"
-1.59968362157639,-0.448584016022872,-1.25925045687677,-1.28185362758299,-0.374923174129126,"Myanmar"
-1.28970992702534,2.83386295544648,0.845113114131398,3.77227792347433,1.5340931244346,"Namibia"
-2.22458303849593,-0.765323868630683,-0.662637662310998,-0.835591771721044,-0.35492506183512,"Nepal"
3.75827179134782,-1.68636217203715,0.296541082325735,-0.740721587065683,0.0933791754293601,"Netherlands"
-1.81029669016459,0.149385996290296,0.371645833050793,0.814840664270257,-0.865847603861769,"Nicaragua"
-3.35158450265671,0.110306392159686,-0.217032285373935,-1.13843267112331,1.47446395333297,"Niger"
-3.66772677065639,-0.150725697669673,-0.361251941466612,-0.640245509922385,0.769812524424716,"Nigeria"
5.51948727138858,0.973045231124574,0.247497132745596,6.04267625914709,1.62433684306677,"Norway"
2.88231307694326,-1.19159009685083,0.660516331697612,0.394891257357235,1.02642572176894,"Oman"
-3.0421574520795,-0.635007250937985,0.062554505457945,-0.109675860644496,-0.7076413457326,"Pakistan"
-0.3917928425025,-0.233182796744284,0.7291483835764,2.48133002055871,-1.29543111964489,"Panama"
-2.36932980052995,0.40141532532116,-0.55477777059619,1.5969294013076,0.270876907325204,"Papua New Guinea"
0.570899613957019,4.3767128139453,1.07408255535581,-2.52668424855853,-2.14076950732812,"Paraguay"
-0.394454602043963,1.40789496670431,0.234240814769939,0.849492539694426,-2.34396018335786,"Peru"
-1.85298901022264,-0.710392813070386,0.0224878377622692,0.101706577755829,-1.08491699354375,"Philippines"
2.77051854577386,-1.00747662902981,-0.976110957022543,-1.18285872605722,0.0437116424177899,"Poland"
2.33183125457929,-1.27385040990189,-0.135411678416082,-0.0850379605040502,0.031113500081327,"Portugal"
6.92166438679589,-2.41202790788131,3.34560933422785,0.925919735320489,3.88399239701482,"Qatar"
-0.794099876096347,-0.564111926562821,-0.56344424547094,-0.208720954425324,-1.87159814431616,"Republic of Moldova"
-0.0269873938665431,-0.782799817769372,-0.0616070464736323,0.634818654254785,-1.98052126444385,"Republic of North Macedonia"
1.97576169010616,-0.274190047232098,-1.82114854124491,-1.89578956867081,-1.95154389516083,"Romania"
2.10919099696683,0.315680555803408,-0.521345504578633,0.910255858047574,-0.904123659021778,"Russian Federation"
-3.46218312055353,-0.608902993967343,-0.677653242233484,-0.359666049545744,1.1322012030796,"Rwanda"
1.90018368982075,-1.85212744597148,1.38491122071951,0.387723893543161,1.05838364022083,"Saudi Arabia"
-2.76688309365063,-0.151884922960934,-0.19761765049871,-0.252489127692049,0.392439256245913,"Senegal"
0.7776539820928,-0.682703384793783,-0.920582092992729,-0.0134329006201323,-2.32853486347104,"Serbia"
-3.99275534307762,-0.115329772506203,-0.704860761444954,-0.538820941923834,1.97233021881997,"Sierra Leone"
2.49794973123238,-1.96318605846636,1.17636313931198,0.298117263289028,0.217629545380166,"Singapore"
2.6641148690113,-0.767564841422279,-1.05034058203722,-1.38334644126332,0.116086244959959,"Slovakia"
3.13789117678607,-1.03881163434436,-0.792424366134457,-0.9638838763648,0.366189398170997,"Slovenia"
3.12886815986717,-1.38721491399345,-0.526958502625074,-0.554042948949781,-0.689100670876985,"Spain"
-1.44897312032533,-0.783367599956139,0.0328459425608487,0.318602236974373,-1.30631048213143,"Sri Lanka"
-3.14238075575987,0.419923803396688,0.610557549314015,-0.793343093738068,0.605568050355318,"Sudan"
1.46526361859263,10.116376988689,-6.02798598239199,3.46114229870353,0.181169116477508,"Suriname"
5.16700548127795,1.17813690842982,-1.94542395396999,-0.927091950205994,1.61198999381416,"Sweden"
2.60618273159818,-1.79863479202191,0.218065611259834,0.353603815765483,-0.786445601948966,"Switzerland"
-2.11645825352756,-1.05420911784953,-0.175439445886642,0.322893172409266,0.140121440272731,"Tajikistan"
-3.32363962792728,-0.132722891320304,-0.305673557966254,-0.654355020817132,1.20231938328519,"Tanzania, United Republic of"
-0.247904713516926,-0.665077290884019,-0.272293619080851,0.285079091272314,-1.94494151256455,"Thailand"
-3.8208358333566,-0.407201180083157,-0.512071183983145,-0.319958105314088,1.63831979958176,"Togo"
2.45724897710844,-1.28922177114662,1.65542416033402,2.62843362714952,2.15265503947888,"Trinidad and Tobago"
-1.11537761239282,-0.720698681380211,-0.332517757555562,0.427683087204469,-0.825552671339899,"Tunisia"
0.505590086776439,-1.13702658618079,0.296970327518461,0.32033656312275,-1.2756786550955,"Turkey"
-0.0349539674130524,-0.0518141042257493,2.51517224140565,-0.245651989444078,0.716614867943391,"Turkmenistan"
-3.69993333794292,-0.257253220301156,-0.539981102599498,-0.284711993900818,1.67688846765737,"Uganda"
0.0901118932679469,-0.175792710064382,-0.790252022654747,0.0307515977514715,-1.95610415096027,"Ukraine"
3.73068553910824,-1.97547229247336,2.10704994395798,0.846886570945104,1.71764352790497,"United Arab Emirates"
2.6675798677714,-1.413886459827,-0.523844312904111,-1.00567049348818,-0.431034794866644,"United Kingdom"
5.27824953005036,-0.629618368680874,0.338811123051369,-1.17760468710447,0.965447506218076,"United States of America"
1.06395272316013,6.6686885093835,3.14443349039514,-1.05035518571587,-1.8461073635526,"Uruguay"
-1.26098265450895,-0.920004500527156,0.551423769575295,-0.108053480723113,-0.659048446106192,"Uzbekistan"
-0.786844228499325,-0.591726792825985,-0.348441261456984,-0.528279052045575,-1.29798437259098,"Viet Nam"
-3.6030091191915,-0.687840114240339,0.506380468388688,0.436741822770373,0.269967953895371,"Yemen"
