Country,Quality Score,SDGi,Life Expectancy,HDI,Per Capita GDP,Region,Income Group,Population (millions),Cropland Footprint,Grazing Footprint,Forest Product Footprint,Fish Footprint,Built up land,Carbon Footprint,Total Ecological Footprint (Production),Cropland Footprint.1,Grazing Footprint.1,Forest Product Footprint.1,Fish Footprint.1,Built up land.1,Carbon Footprint.1,Total Ecological Footprint (Consumption),Cropland,Grazing land,Forest land,Fishing ground,Built up land.2,Total biocapacity ,Ecological (Deficit) or Reserve,Number of Earths required,Number of Countries required,"actual 
Country Overshoot Day 
2018"
Afghanistan,3A,53.9,64.486,0.509,564.6173825447371,Middle East/Central Asia,LI,37.171898437499905,0.139392867173196,0.15773983101157,0.0520339273718322,8.39720159434353e-05,0.028433397994101,0.0903031468474439,0.467987142414086,0.269787812494637,0.16509514169904,0.0628786314568386,0.00105956501646205,0.028433397994101,0.155000802846612,0.68225535150769,0.139392867173196,0.15773983101157,0.0143768678397281,0.0,0.028433397994101,0.339942964018595,-0.34231238748909504,0.4310913107429446,2.0069700618082815,
Angola,3A,50.3,60.782,0.582,3233.902767090789,Africa,LM,30.809800781249898,0.21091926669825,0.0545463738396665,0.0865844324850323,0.0788920221943008,0.0464374273660293,0.201849768942,0.679229291525279,0.329742116432915,0.0758528505785264,0.0895366909169708,0.0913829061911503,0.0464374273660293,0.228892681045035,0.861844672530626,0.21091926669825,0.918249423096492,0.48599972653195,0.175160477233779,0.0464374273660293,1.8367663209265,0.9749216483958739,0.5445669993163311,0.469218464380322,
Antigua and Barbuda,2B,,76.885,0.772,15134.910089609682,Central America/Caribbean,HI,0.09628600311279299,,,,,,,1.91037279893994,,,,,,,4.65509241986169,,,,,,0.856508776466882,-3.7985836433948084,2.941376551276641,5.434961728079485,1900-05-03 02:11:50.646
Bahamas,3A,,73.752,0.812,28845.521021436787,Central America/Caribbean,HI,0.385636993408203,0.0493067627665355,0.00234998750684305,0.0636655038355469,0.054176856223556,0.0425307796456782,1.71107539997759,1.92310528995575,0.580121172508034,0.276781913722612,0.220928672588984,0.11421525041982,0.0425307796456782,3.04994819521358,4.28452598409871,0.0493067627665355,0.00234998750684305,1.09923100222213,7.98196516497908,0.0425307796456782,9.17538369712026,4.89085771302155,2.7072296586837385,0.466958780747603,1900-05-13 19:46:48.556
Bangladesh,3A,63.5,72.32,0.625,1202.1539624605737,Asia-Pacific,LI,161.377,0.273862594835575,0.00319794563405955,0.0619307171747321,0.0217608817386625,0.0814558435756814,0.191779705593373,0.633987688552084,0.385748167749737,0.00544017943188014,0.08178511062609,0.0270048400266276,0.0814558435756814,0.322460085927038,0.903894227337054,0.273862594835575,0.00319794563405955,0.00512813145574539,0.0512234233030412,0.0814558435756814,0.414867938804102,-0.48902628853295205,0.571136520035519,2.1787517009451705,
Burkina Faso,3A,53.5,61.174,0.443,800.3139002101107,Africa,LI,19.7515,0.548195216431469,0.141871592283444,0.31214920623696,0.00417689357470588,0.0715640973132055,0.078631535911159,1.15658854175094,0.498846401712048,0.141710294635151,0.313284145570886,0.0467893914882404,0.0715640973132055,0.189091874863153,1.26128620558268,0.548195216431469,0.141871592283444,0.236016066298135,0.00114413669435352,0.0715640973132055,0.998791109020606,-0.2624950965620739,0.7969589720110887,1.2628128085956545,
Burundi,3A,51.8,61.247,0.431,210.80408018099374,Africa,LI,11.1754003906249,0.400638268090781,0.0582137342359947,0.241266724280077,0.00157278522872648,0.0710949370455026,0.0150073512097011,0.787793800090782,0.412325453206913,0.0590846360057628,0.242643091547767,0.00318456582439277,0.0710949370455026,0.045127633789812,0.83346031742015,0.400638268090781,0.0582137342359947,0.00844721182283496,0.00701231918472567,0.0710949370455026,0.545406470379839,-0.288053847040311,0.5266320006063497,1.52814526904989,
Cabo Verde,2B,68.1,72.782,0.663,3740.0024132685367,Africa,LM,0.5437670288085931,,,,,,,1.60858089824442,,,,,,,1.83415222311775,,,,,,0.474331615937812,-1.3598206071799381,1.1589313066121174,3.8668141896706705,1900-11-09 22:41:16.305
Cambodia,2B,64.5,69.57,0.585,1202.6240467505759,Asia-Pacific,LI,16.2497998046875,,,,,,,1.31457309109297,,,,,,,1.50140806941894,,,,,,1.19559415479015,-0.30581391462878993,0.9486828812343137,1.2557840496321815,
Cameroon,3A,55.3,58.921,0.56,1502.1672024219145,Africa,LM,25.2163007812501,0.573293252095208,0.0821539891707505,0.263563136042931,0.0434632384733714,0.0649273480586294,0.0998343689159466,1.12723533275684,0.567804777802726,0.0871554795841537,0.208839725756747,0.0964269175778658,0.0649273480586294,0.188677012264052,1.21383126104417,0.573293252095208,0.0821539891707505,0.807051127858538,0.0666308595576038,0.0649273480586294,1.59405657674073,0.38022531569656004,0.7669739902925401,0.761473136371368,
Central African Republic,3A,38.3,52.805,0.395,379.36553585401447,Africa,LI,4.66637011718751,0.295875144563285,0.551184166247712,0.287267629621589,0.00946268266347546,0.0381276054583879,0.0265234098929468,1.2084406384474,0.316095053190077,0.537719996802984,0.259781213502962,0.0172378653905667,0.0381276054583879,0.0348672180985765,1.20382895244355,0.295875144563285,0.551184166247712,6.62300119752983,0.0,0.0381276054583879,7.50818811379922,6.30435916135567,0.7606539104051959,0.16033548097057468,
Comoros,2B,,64.118,0.552,1402.7383270693822,Africa,LI,0.8323220214843761,,,,,,,0.889176856266902,,,,,,,1.19337515186407,,,,,,0.352037535962415,-0.841337615901655,0.7540485498402777,3.3899088306068585,
Congo,3A,52.9,64.29,0.573,2303.979954655527,Africa,LM,5.24435986328125,0.125635323141426,0.0419743939547703,0.428541875720879,0.0960274470026505,0.0352249030871305,0.21288231863476,0.940286261541616,0.272559186851086,0.071847417074778,0.283098251860799,0.14544537132602,0.0352249030871305,0.219899449154509,1.02807457935432,0.125635323141426,2.53342318917625,5.79108732124404,0.292238215078957,0.0352249030871305,8.7776089517278,7.749534372373479,0.6496013801518122,0.11712467313230582,
"Congo, Democratic Republic of",3A,49.3,60.368,0.478,418.9888833615827,Africa,LI,84.0681015625,0.208885570147107,0.00835102484398185,0.422197690737425,0.00529529691478538,0.0608518219872606,0.00927517378275823,0.714856578413318,0.224335307895646,0.0100739821946191,0.421817933473999,0.0159806977985287,0.0608518219872606,0.0489688611183723,0.782028604468426,0.208885570147107,0.250075268433282,1.6036486078802,0.0360784258997131,0.0608518219872606,2.15953969434756,1.377511089879134,0.49413424957938157,0.36212745082451125,
Côte d'Ivoire,3A,57.6,57.422,0.534,1667.9431853860758,Africa,LM,25.06919921875,1.07573300978485,0.0186592773159155,0.2052249708808,0.0419329571277421,0.110831564227826,0.15120394875043,1.60358572808756,0.573612921124124,0.0444125176857928,0.215035431115164,0.189740969021868,0.110831564227826,0.262749440538295,1.39638284371307,1.07573300978485,0.460986541447211,0.108047998259597,0.0328941626820584,0.110831564227826,1.78849327640154,0.3921104326884699,0.8823214197806739,0.7807593476239404,
Cyprus,2B,74.9,80.828,0.885,23394.93936874519,EU,HI,1.18927001953125,,,,,,,2.0992040652454,,,,,,,3.85016788334156,,,,,,0.205836195259047,-3.644331688082513,2.4327752296002236,18.705008992689955,1900-05-29 00:49:33.154
Dominica,2B,,,0.738,6696.54450261782,Central America/Caribbean,UM,0.0716249999999998,,,,,,,1.31845819580782,,,,,,,2.45839865678177,,,,,,1.14067533755465,-1.3177233192271203,1.5533689797210808,2.1552132985114074,1900-08-21 23:21:20.030
Ecuador,2B,72.5,76.8,0.762,5180.585679118625,South America,UM,17.0844003906249,,,,,,,2.26600109126402,,,,,,,1.70246786871039,,,,,,1.88578879006471,0.18332092135431988,1.0757249516595944,0.9027882007146573,1900-12-04 07:20:43.990
Egypt,2B,68.6,71.825,0.701,2905.807097684674,Africa,LM,98.4236015624997,,,,,,,1.30928931544227,,,,,,,1.83631018042192,,,,,,0.365710103148648,-1.470600077273272,1.160294838082741,5.021218075770594,1900-11-09 13:48:18.714
Equatorial Guinea,2A,,58.402,0.582,10134.6862776952,Africa,HI,1.3089699707031202,0.080155406699208,0.00535446170148462,0.817995532367474,0.0144389872333907,0.023078122018467,1.53123486378008,2.4722573738001,0.239755025459284,0.0240664101703325,0.151856723378593,0.0517534361232462,0.023078122018467,1.53123486378008,2.02174458093,0.080155406699208,0.0825295825433881,2.60265053025836,0.567965660378267,0.023078122018467,3.35637930189769,1.3346347209676899,1.2774638109536842,0.6023587917452923,1900-10-11 17:20:13.606
Eritrea,3A,,65.941,0.456,-,Africa,LI,3.4527900390625,0.13422458235707,0.327680453481118,0.113810918605388,0.0293345386692777,0.0432377727574596,0.0837019997363171,0.731990265606631,0.213612073866541,0.328630877517758,0.116327979944918,0.0291538330320609,0.0432377727574596,0.0837019997363171,0.814664536855055,0.13422458235707,0.327680453481118,0.103791010676952,1.64564456009012,0.0432377727574596,2.25457837936272,1.4399138425076647,0.5147556589076914,0.361337864459309,
Ethiopia,3A,54.5,66.24,0.478,570.6548011426061,Africa,LI,109.224,0.334250128720671,0.100645260382697,0.404952484937422,0.00140342111763458,0.0675305778137983,0.0503543549206894,0.959136227892913,0.347019754365699,0.099524410555347,0.407392763385233,0.00145001004738772,0.0675305778137983,0.097606764715984,1.02052428088345,0.334250128720671,0.100645260382697,0.053205131262985,0.00232228926918643,0.0675305778137983,0.557953387449338,-0.46257089343411206,0.6448306325759743,1.8290493504282441,
French Guiana,2A,,,,,South America,,0.28293798828125,0.0891478769073354,0.0572799482932157,0.38122467665326,0.0694966263646055,0.00505190706870232,0.733013175499661,1.33521421078678,0.0891478769073354,0.0572799482932157,0.372336956642109,0.0694966263646055,0.00505190706870232,1.28510463972094,1.8784179549969,0.0891478769073354,0.0665290670416346,78.2455195397996,13.7336719871432,0.00505190706870232,92.1399203779605,90.26150242296359,1.1869011456681375,0.02038658105294185,1900-11-02 12:33:50.806
French Polynesia,2B,,77.462,,-,Asia-Pacific,HI,0.27767898559570303,,,,,,,2.12409540162839,,,,,,,3.995740717582,,,,,,1.30575229662656,-2.68998842095544,2.5247571888220843,3.0601062145592888,1900-05-23 13:38:26.088
Gambia,3A,59.3,61.735,0.487,791.4555699285903,Africa,LI,2.28009008789062,0.133736753991931,0.0306666194676948,0.147233753565012,0.0794425224290846,0.0182009413468322,0.0911736082328416,0.500454199033396,0.460530931996108,0.0504737640522236,0.141443537745449,0.0770084967463704,0.0182009413468322,0.293079662260357,1.04073733414734,0.133736753991931,0.0306666194676948,0.0822608219901389,0.250954227110227,0.0182009413468322,0.515819363906823,-0.524917970240517,0.6576024952024694,2.0176391329413867,
Grenada,2B,,72.384,0.773,9091.732718056886,Central America/Caribbean,UM,0.11145400238037,,,,,,,1.69506994341453,,,,,,,2.53614198227368,,,,,,2.09815339547306,-0.4379885868006199,1.6024920419495563,1.2087495546062632,1900-08-14 18:29:08.900
Guadeloupe,2B,,,,,Central America/Caribbean,,0.39984799194335796,,,,,,,2.11442702754376,,,,,,,3.61729827220633,,,,,,0.514995006638606,-3.102303265567724,2.2856337441217405,7.023948243336547,1900-06-07 16:38:06.181
Guinea-Bissau,3A,,58.003,0.472,622.6911218028902,Africa,LI,1.8743000488281298,0.613433329561047,0.0776554344302399,0.631120539955623,0.0127878455482979,0.0887488594039898,0.0593462838116487,1.48309229271085,0.568370245740796,0.0799811264466032,0.627770398290493,0.00313963594273725,0.0887488594039898,0.099031673929683,1.4670419397543,0.613433329561047,0.0776554344302399,0.294475367959279,1.59154483713449,0.0887488594039898,2.66585782848905,1.1988158887347502,0.9269682257910802,0.5503076435947025,
Haiti,3A,51.4,63.66,0.508,1282.238901535785,Central America/Caribbean,LI,11.1232001953124,0.154639544085188,0.0296672813779617,0.0867621483390944,0.00240671423294204,0.0248390047344574,0.104943041540918,0.403257734310562,0.325674009667987,0.0398745751142931,0.0982110488516714,0.0197515620927035,0.0248390047344574,0.128987739490481,0.637337939951594,0.154639544085188,0.0296672813779617,0.0264241453739337,0.010995747739112,0.0248390047344574,0.246565723310653,-0.3907722166409411,0.402709699986639,2.5848602611669564,
Honduras,2B,62.8,75.088,0.633,2219.437460402829,Central America/Caribbean,LM,9.58751953124999,,,,,,,1.37107324839205,,,,,,,1.57455470561186,,,,,,1.73681577038937,0.16226106477751,0.9949014696311067,0.9065755461552878,
India,3A,60.1,69.416,0.642,2084.8119233498937,Asia-Pacific,LM,1352.64,0.343792555339559,0.00309214079695495,0.109982927121694,0.0220069087632841,0.0512411553213253,0.628086265971362,1.15820195331418,0.339696201873969,0.00741874727942789,0.118340277938022,0.0163533907424491,0.0512411553213253,0.67650672823207,1.20955650138726,0.343792555339559,0.00309214079695495,0.0204907441819644,0.0269517095951671,0.0512411553213253,0.445568305234971,-0.763988196152289,0.7642729316060293,2.714637659762175,
Kenya,3A,60.6,66.342,0.599,1201.4764406294476,Africa,LI,51.3926015625001,0.200280858070097,0.198417670241365,0.207674831785353,0.0221505535631341,0.0427313305917708,0.120487796705335,0.791743040957056,0.267125721225488,0.196572059026968,0.227498934955525,0.0246606657851746,0.0427313305917708,0.243520382453897,1.00210909403882,0.200280858070098,0.198417670241365,0.0116526018514349,0.0155969537112641,0.0427313305917708,0.468679414465933,-0.533429679572887,0.6331947736312485,2.13815470257156,
"Korea, Democratic People's Republic of",3A,,72.095,,-,Asia-Pacific,LI,25.5495996093751,0.193831975575208,0.00143971180095984,0.13279125243567,0.0168920859520263,0.0477175243383304,0.710350612566448,1.10302316266864,0.243554203297658,0.00200036636544229,0.135266041885526,0.0272985624051094,0.0477175243383304,0.710350612566448,1.16618731085851,0.193831975575208,0.00143971180095984,0.223357152986147,0.0914463555436791,0.0477175243383304,0.557792720244324,-0.6083945906141859,0.7368695830656571,2.0907180544552415,
Kyrgyzstan,2A,74.0,71.4,0.696,1094.1160234110562,Middle East/Central Asia,LI,6.3040297851562395,0.424917988006255,0.210791164976903,0.0032156275348025,1.81900380265432e-06,0.0837496266562634,0.599923418717489,1.32259964489552,0.446365358581639,0.175179102941503,0.0456600498367077,0.00451444996295056,0.0837496266562634,0.786083140711846,1.54155172869091,0.424917988006255,0.543429387167236,0.102162781662331,0.0471164292079071,0.0837496266562634,1.20137621269999,-0.3401755159909199,0.9740481387663048,1.2831548622278817,
Lesotho,3A,54.6,53.705,0.522,1374.5143751765984,Africa,LM,2.10833007812499,0.0689161298673667,0.426778276014903,0.387397546793088,3.5649392808175e-05,0.00808297285475328,0.409795660438117,1.30100623536104,0.253515156501637,0.254983707674194,0.423464136432229,0.00805345000426805,0.00808297285475328,0.596044203040207,1.54414362650729,0.0689161298673668,0.718018322635384,0.00181504599648323,0.0,0.00808297285475328,0.796832471353987,-0.747311155153303,0.9756858608076284,1.9378522864203354,
Liberia,2A,48.6,63.73,0.48,541.2712433800713,Africa,LI,4.818970214843739,0.139432726634208,0.0215318301205742,0.784126761493847,0.0432412327424055,0.0347095857722093,0.0711890948706548,1.0942312316339,0.288645224105151,0.0335432175111294,0.761355517405608,0.0517513989066456,0.0347095857722093,0.072956738479446,1.24296168218019,0.139432726634208,0.33355456631482,2.2018896763846,0.279127380612649,0.0347095857722093,2.98871393571848,1.74575225353829,0.7853803998608487,0.41588512949513345,
Libyan Arab Jamahiriya,3A,,72.724,0.721,8038.589086418168,Africa,UM,6.67856005859375,0.121274473835355,0.209920520367898,0.0708688440560311,0.0434475713463991,0.0152641974663204,2.45947117887965,2.92024678595166,0.726751266613597,0.237818950067973,0.0961283038667272,0.0926375472737127,0.0152641974663204,2.11253434201362,3.28113460730195,0.121274473835355,0.209920520367898,0.0180095289659331,0.234782150183674,0.0152641974663204,0.59925087081918,-2.68188373648277,2.0732246591544565,5.475393974507899,1900-06-24 01:18:06.682
Madagascar,3A,49.0,66.681,0.527,490.0979585607875,Africa,LI,26.26230078125,0.208615514614626,0.315627085722102,0.215441627435248,0.0202342461660248,0.0616783350220368,0.0424881278139562,0.864084936773995,0.244842676327043,0.313680126897819,0.218091230119559,0.0184894695187581,0.0616783350220368,0.0942712322456213,0.951053070130837,0.208615514614626,1.10399207105648,0.655478043058958,0.18054509822097,0.0616783350220368,2.21030906197307,1.2592559918422328,0.6009344062787948,0.430280582246658,
Malawi,3A,51.4,63.798,0.478,515.1098153814952,Africa,LI,18.14319921875,0.480070806660045,0.0656846860196025,0.177599713309605,0.0197080201210785,0.0666123535800066,0.0293919537549049,0.839067533445243,0.464461294517614,0.0663851146780955,0.178200549870146,0.0210526402141841,0.0666123535800066,0.0836611446603096,0.880373097520357,0.480070806660045,0.0656846860196025,0.0141720854551978,0.0486169606223313,0.0666123535800066,0.675156892337183,-0.20521620518317396,0.5562744091551463,1.3039533588597154,
Malta,2B,75.7,82.4488,0.894,31603.55982841433,EU,HI,0.439247985839844,,,,,,,1.356756897115,,,,,,,5.45122858025085,,,,,,0.48537007274256,-4.96585850750829,3.4444248310058914,11.23107683473138,1900-04-14 23:14:25.034
Martinique,2B,,,,,Central America/Caribbean,,0.375673004150389,,,,,,,2.02918070771243,,,,,,,3.49389618229202,,,,,,0.408065286807219,-3.085830895484801,2.2076606383454074,8.56210095602332,1900-06-13 08:00:04.222
Mauritius,2B,66.7,74.4163,0.801,10561.400120607126,Africa,UM,1.26718994140624,,,,,,,1.76567105045984,,,,,,,3.22000230315406,,,,,,0.667019309545547,-2.552982993608513,2.0345974720380604,4.827449905982346,1900-06-27 09:31:11.813
Mozambique,3A,51.1,60.163,0.452,592.5108489286703,Africa,LI,29.4959999999999,0.226762007836401,0.018636339486329,0.26051956041469,0.024397980148811,0.0518530374491383,0.0912074811222978,0.673376406457668,0.279171864457371,0.0228953465756169,0.245616784482953,0.0329531128365034,0.0518530374491383,0.166682750085712,0.799172895887295,0.226762007836401,0.659216320860475,0.488341753339465,0.142141927192465,0.0518530374491383,1.56831504667794,0.7691421507906451,0.5049670778498916,0.5095742067769681,
Nepal,3A,66.5,70.478,0.596,817.5521748421545,Asia-Pacific,LI,28.0956992187499,0.368480584037828,0.0468712050608308,0.191522682105948,0.00113808555264184,0.103597261512608,0.161269644188332,0.872879462458188,0.476259635363617,0.0595205232896447,0.199757370572248,0.00408428227028872,0.103597261512608,0.346222978437622,1.18944205144603,0.368480584037829,0.0468712050608308,0.0938443741371882,0.00496872816002454,0.103597261512608,0.61776215290848,-0.57167989853755,0.7515633726837341,1.9254045361083216,
New Zealand,2B,79.1,81.8585,0.928,39214.61241742537,Asia-Pacific,HI,4.7431298828124895,,,,,,,12.0559431036444,,,,,,,5.30024454272019,,,,,,8.83559736712027,3.5353528244000803,3.349023737417517,0.5998739329661945,1900-04-17 23:41:15.504
Nicaragua,3A,66.3,74.275,0.659,1857.056685484503,Central America/Caribbean,LM,6.46549999999997,0.379832964408539,0.542100936984834,0.374157626519428,0.0924397204278175,0.0481740650427554,0.267235350539914,1.70394066392329,0.292928057373775,0.199295910482429,0.398710839058532,0.0261389717393259,0.0481740650427554,0.462215621444879,1.4274634651417,0.379832964408539,0.542100936984834,0.771101925062932,0.452359614755332,0.0481740650427554,2.19356950625439,0.7661060411126901,0.9019600870344584,0.6507491379104519,
Niger,3A,49.5,62.024,0.391,552.3241114520821,Africa,LI,22.44280078125,0.829996364626125,0.393352155598173,0.217472322162512,0.00502738665593487,0.0412394252744863,0.0285021733719049,1.51558982768914,0.820321441187317,0.388201498787552,0.218267800993263,0.00740629164781417,0.0412394252744863,0.0679331922295797,1.54336965012001,0.829996364626125,0.393352155598173,0.0363225574745543,0.000487226059105165,0.0412394252744863,1.30139772903244,-0.24197192108756993,0.9751968144490483,1.1859323369708588,
Nigeria,3A,48.9,54.332,0.534,2384.1735800893425,Africa,LM,195.875,0.482714933164087,0.0898655181949677,0.162991563277647,0.0212418844047657,0.0553278295675901,0.165229471314388,0.977371199923445,0.508990830442091,0.0957326831727594,0.167971456361469,0.0398115851559402,0.0553278295675901,0.219887079442275,1.08772146414212,0.482714933164087,0.0963809842099925,0.0371741410054119,0.0159920586886323,0.0553278295675901,0.687589946635713,-0.40013151750640696,0.687289987046699,1.5819333448143007,
Pakistan,3A,57.7,67.114,0.552,1196.8260549974614,Asia-Pacific,LM,212.22799999999899,0.244267540716012,0.00327675915089209,0.0657593773807392,0.0206964111162715,0.0375595296148876,0.308425197143191,0.679984815121994,0.255168458908485,0.00450189486665063,0.0785332477702322,0.0116475690481977,0.0375595296148876,0.383623768691558,0.771034468900011,0.244267540716012,0.00327675915089209,0.0188485499659512,0.0301683589481987,0.0375595296148876,0.334120738395942,-0.43691373050406906,0.4871874718044618,2.307652235541018,
Philippines,3A,64.5,71.095,0.711,3187.9682328341974,Asia-Pacific,LM,106.651,0.304242828960303,0.00447940366155396,0.0661191602076112,0.202044701342645,0.0572334568047765,0.447010806049251,1.08113035702614,0.42272363325313,0.0379949298478956,0.108938910041868,0.208882587582866,0.0572334568047765,0.632082537597717,1.46785605512825,0.304242828960302,0.0144412203159643,0.0774864399066242,0.0612239990443499,0.0572334568047765,0.514627945032017,-0.953228110096233,0.9274826344547521,2.852266514669989,
Réunion,2B,,,,,Africa,,0.882526000976561,,,,,,,2.14491612292662,,,,,,,4.59353837442126,,,,,,0.174215295341021,-4.419323079080239,2.9024828818143114,26.36702113571344,1900-05-04 18:06:20.359
Rwanda,3A,57.6,68.7,0.54,845.3991220939754,Africa,LI,12.3019999999999,0.289002803935113,0.0475004454722262,0.22165363907631,0.00240735990666248,0.0428401243125141,0.0370417066709113,0.640446079373737,0.323964027580119,0.0433151995706909,0.225008699624614,0.021299333583403,0.0428401243125141,0.102909096437313,0.759336481108654,0.289002803935113,0.0475004454722262,0.0075188604312394,0.00494796998441564,0.0428401243125141,0.391810204135508,-0.36752627697314605,0.479795956473894,1.9380211977481747,
Saint Lucia,3A,,76.057,0.758,9237.391651436337,Central America/Caribbean,UM,0.181889007568359,0.081443677001357,0.00149471723794831,0.0196798028167367,0.159746379157658,0.00189035661091451,0.664919605307138,0.929174538131752,0.451205468672395,0.160333659445442,0.0789054257170625,0.219222122077069,0.00189035661091451,1.35222920307108,2.26378623559396,0.081443677001357,0.00149471723794831,0.0949394602519323,0.140704970091453,0.00189035661091451,0.320473181193606,-1.9433130544003538,1.43040076327351,7.063886678949117,1900-09-11 04:09:28.100
Samoa,2B,,73.187,0.709,3753.968093695815,Asia-Pacific,LM,0.196128997802734,,,,,,,1.48721731491201,,,,,,,2.65161383078762,,,,,,1.74377934883538,-0.9078344819522397,1.675454328606276,1.5206131627597013,1900-08-04 20:25:57.297
Sao Tome and Principe,2B,58.8,70.17,0.624,1296.7473518125394,Africa,LM,0.211027999877928,,,,,,,0.952368578194114,,,,,,,1.28480353016925,,,,,,0.772470531960801,-0.512332998208449,0.8118186785106976,1.663239537316677,
Senegal,3A,58.4,67.665,0.516,1547.1008055964805,Africa,LM,15.854299804687399,0.375897013537491,0.151517282869433,0.168885455425487,0.206170701982045,0.0532554782297855,0.215154526302707,1.17088045834695,0.560649896728969,0.18234324243993,0.182695896059647,0.109171462659201,0.0532554782297855,0.323906605554624,1.41202258167216,0.375897013537491,0.151517282869433,0.379301454267158,0.148697437197523,0.0532554782297855,1.10866866610139,-0.30335391557077007,0.8922035777169379,1.273619995627285,
Sierra Leone,3A,51.7,54.309,0.447,472.8260290549115,Africa,LI,7.6501499023437205,0.364908925468646,0.0780382132530986,0.321208498731971,0.0893408581148673,0.0511780069780807,0.0678155837586456,0.972490086305308,0.451785392212729,0.0948799975140118,0.309805909603765,0.0896129034657725,0.0511780069780807,0.136433838601537,1.1336960483759,0.364908925468645,0.276401922121723,0.130214078796866,0.175295482473941,0.0511780069780807,0.997998415839256,-0.13569763253664402,0.7163395851691678,1.135969787509663,
Solomon Islands,2A,,72.835,0.564,1773.6962451604008,Asia-Pacific,LI,0.652856994628909,0.348453109934861,0.005552469371648,3.47930269753881,2.58163737208474,0.131497254219835,0.106280968643458,6.65272387179335,0.38798544244174,0.0420164166325957,0.0782015219037017,1.07650575611469,0.131497254219835,0.055498669806322,1.77170506111888,0.348453109934861,0.005552469371648,2.13751521294526,1.00550163691536,0.131497254219835,3.62851968338697,1.85681462226809,1.1194733106304378,0.4882721373210568,1900-11-21 01:06:30.220
Somalia,3A,45.6,57.068,,-,Africa,LI,15.0082001953126,0.0396739228567964,0.383808446611211,0.397199402081706,0.00303406187014142,0.0294696486974349,0.0155005302699479,0.868686012387237,0.166265637957404,0.370405330577345,0.409204312128538,0.00385507623988079,0.0294696486974349,0.0368216836446526,1.01602168924525,0.0396739228567964,0.383808446611211,0.137961192181951,0.22705379606094,0.0294696486974349,0.817967006408333,-0.19805468283691707,0.6419856154914436,1.242130405365088,
South Africa,3A,63.7,,0.707,7440.41181814248,Africa,UM,57.792500000000096,0.253768314312397,0.138960974153438,0.26768225175628,0.0742921973490269,0.0337104320311333,2.62168067179087,3.39009484139315,0.304365507753241,0.0850696562218619,0.221165863424323,0.084178679711011,0.0337104320311333,3.07197210757971,3.80046224672128,0.253768314312397,0.522085434853397,0.0328443777117092,0.153766845801791,0.0337104320311333,0.996175404710427,-2.804286842010853,2.401368120818157,3.8150532815312945,1900-05-30 23:55:13.809
Sri Lanka,3A,68.1,76.812,0.779,4028.206815880475,Asia-Pacific,LM,21.22880078125,0.270144028809477,0.00195493218447933,0.104423562839695,0.229320181319528,0.0524122234701586,0.346308226549227,1.00456315517257,0.365389120051119,0.0142599387346963,0.164920674616751,0.248202778950171,0.0524122234701586,0.668001219147438,1.51318595497033,0.270144028809477,0.0194963781453861,0.0438665414178138,0.0682495199828065,0.0524122234701586,0.454168691825642,-1.059017263144688,0.9561248809326801,3.3317707323411248,
State of Palestine,2B,,73.895,0.708,2805.316915716577,Middle East/Central Asia,LM,4.86297998046873,,,,,,,0.300103060315039,,,,,,,1.14159590324971,,,,,,0.095924858058625,-1.0456710451910851,0.7213312041937809,11.900939197137175,
Sudan,3A,49.5,65.095,0.506,1589.5984593854364,Africa,LM,41.8014999999998,0.522652612935842,0.522425496856234,0.159289858474697,0.000806863001156925,0.0476004571631652,0.163997150866794,1.41677243929789,0.538621925741858,0.511444822634059,0.16781968678593,0.00114753604635824,0.0476004571631652,0.208603090991195,1.47523751936257,0.522652612935842,0.522425496856234,0.248007643125852,0.0210245197093514,0.0476004571631652,1.36171072979044,-0.11352678957212992,0.9321467020724603,1.0833707094234333,
Syrian Arab Republic,3A,58.0,71.779,0.563,-,Middle East/Central Asia,LM,16.9450996093749,0.273943466673536,0.12769224038122,0.00240415911766709,0.000789911481823861,0.023485407782155,0.54192714019398,0.970242325630382,0.376322804156118,0.0549408215851158,0.036044189453646,0.00782357644448896,0.023485407782155,0.838387137099273,1.3370039365208,0.273943466673536,0.12769224038122,0.0568074986443405,0.00484817432727998,0.023485407782155,0.486776787808532,-0.8502271487122679,0.8448021377766091,2.7466468615728137,
Tajikistan,2A,69.8,70.879,0.661,1073.0230007779585,Middle East/Central Asia,LI,9.100830078125009,0.249689457675032,0.121868384900884,0.152255632887194,0.000229469896709347,0.0878829565233264,0.291679761624731,0.903605663507877,0.400579136083043,0.125396032828221,0.214265079485744,0.00207390010533304,0.0878829565233264,0.297452623394932,1.1276497284206,0.249689457675032,0.121868384900884,0.00578936752184058,0.0103730164431534,0.0878829565233264,0.475603183064236,-0.652046545356364,0.7125191446421109,2.370988606836757,
"Tanzania, United Republic of",3A,56.4,65.015,0.524,931.3041204253866,Africa,LI,56.3133984374997,0.444377567606418,0.285459299408539,0.201178355223594,0.0865418041857202,0.0649640220712573,0.0682311074207814,1.15075215591631,0.413351827430761,0.283520092449183,0.205337604335375,0.0768688793634451,0.0649640220712573,0.128910369191484,1.17295279484151,0.444377567606418,0.285459299408539,0.137477687434075,0.0517021829689296,0.0649640220712573,0.983980759489219,-0.1889720353522909,0.7411444360977318,1.192048506568752,
Timor-Leste,2A,,69.26,0.599,839.8858211204004,Asia-Pacific,LM,1.26796997070312,0.170365710576939,0.0536039183276116,0.0252795287405839,0.00207538868247619,0.0382327324812117,0.103422559436241,0.392979838245063,0.33603669045124,0.058530786416343,0.0315932299328697,0.0245401318854681,0.0382327324812117,0.103422559436241,0.592356130603373,0.170365710576939,0.0536039183276116,0.574017999033057,0.829900605087337,0.0382327324812117,1.66612096550616,1.073764834902787,0.3742873987050707,0.3555300862704275,
Togo,3A,53.2,60.76,0.51,676.9881070921215,Africa,LI,7.8890898437500105,0.33498223015405,0.0975197629990918,0.227690400129436,0.0131112090817868,0.0268327894214907,0.0865691680131775,0.786705559799033,0.370508986948896,0.0929927486108598,0.232955795891443,0.0723767001086574,0.0268327894214907,0.248064258983236,1.04373127996458,0.33498223015405,0.100304955363294,0.113681373184178,0.018094262354392,0.0268327894214907,0.593895610477406,-0.4498356694871739,0.6594942561447545,1.7574322179710524,
Tonga,2B,,70.801,0.723,4377.67576717754,Asia-Pacific,LM,0.103196998596191,,,,,,,1.00229977503106,,,,,,,2.92057652446973,,,,,,1.08131338559802,-1.83926313887171,1.845401665632136,2.700952899842728,1900-07-15 18:56:02.576
Uganda,3A,53.5,62.973,0.538,933.7148072737464,Africa,LI,42.7290000000001,0.261472910558377,0.127932374616391,0.47255923996005,0.0840237374449173,0.0332760188279165,0.0438086794696457,1.0230729608773,0.23041611756227,0.126405170933445,0.480022812558492,0.0802842172403363,0.0332760188279165,0.108552281158344,1.0589566182808,0.261472910558377,0.127932374616391,0.00939401842018304,0.034999762386089,0.0332760188279165,0.467075084808956,-0.5918815334718439,0.6691145706453877,2.2672085339639483,
Uruguay,3A,74.5,77.77,0.816,14617.543247214457,South America,UM,3.44928002929686,0.989639725211958,4.20466661318131,3.1819536258069,0.182540875190675,0.0996278014662763,0.643566369619876,9.301995010477,0.149610076716459,0.0660189281746904,0.27690918371446,0.0676554713702281,0.0996278014662763,0.598799056269863,1.25862051771198,0.989639725211958,4.77702080239695,1.30696681481338,2.14742000657677,0.0996278014662763,9.32067515046533,8.06205463275335,0.7952746248298286,0.13503533782626723,
Vanuatu,2C,60.5,70.323,0.603,2864.828553309515,Asia-Pacific,LM,0.292679992675782,,,,,,,,,,,,,,,,,,,,,,,,
Yemen,3A,52.9,66.096,0.468,632.9095886640682,Middle East/Central Asia,LM,28.4986992187499,0.0414388684042698,0.101234713393682,0.00765900201904935,0.0485682563951762,0.0249114849853378,0.109249803862712,0.333062129060227,0.168041143463636,0.10865166860115,0.0204446594170543,0.033403326898751,0.0249114849853378,0.153089424637954,0.508541708003883,0.0414388684042698,0.101234713393682,0.0355189438139295,0.171547310135923,0.0249114849853378,0.374651320733143,-0.13389038727073999,0.32132824020564493,1.3573733225035327,
Zambia,3A,53.4,,0.582,1678.1814641262492,Africa,LM,17.3516992187499,0.220545578087575,0.130643257591453,0.608300798668467,0.00866593241563347,0.0434829536622605,0.157293988844322,1.16893250926971,0.207057034278858,0.130973906355631,0.615155172090632,0.0517495026345424,0.0434829536622605,0.235610439023934,1.28402900804586,0.220545578087575,0.760214891997718,0.719844513247751,0.0193675737405627,0.0434829536622605,1.76345551073587,0.47942650269000997,0.8113292873221437,0.7281323516406997,
Zimbabwe,3A,58.7,,0.569,1305.8010537606497,Africa,LI,14.4387998046875,0.152608386369051,0.301816497692032,0.272790171192138,0.00176597368058476,0.0232045151661352,0.293603793401687,1.04578933750163,0.19339808663355,0.303349375927527,0.285176496647743,0.00722420833848481,0.0232045151661352,0.403335632608152,1.21568831532159,0.152608386369051,0.301816497692032,0.134279962652494,0.00987033676248933,0.0232045151661352,0.621779698642202,-0.5939086166793881,0.7681473925396676,1.9551753104456824,
