SDGi,Life Expectancy,HDI,Per Capita GDP,Population (millions),Cropland Footprint,Grazing Footprint,Forest Product Footprint,Fish Footprint,Built up land,Carbon Footprint,Total Ecological Footprint (Production),Cropland Footprint.1,Grazing Footprint.1,Forest Product Footprint.1,Fish Footprint.1,Built up land.1,Carbon Footprint.1,Total Ecological Footprint (Consumption),Cropland,Grazing land,Forest land,Fishing ground,Built up land.2,Total biocapacity ,Ecological (Deficit) or Reserve,Number of Earths required,Number of Countries required,Quality Score_3A,Quality Score_2A,Region_Other Europe,Region_Africa,Region_South America,Region_Middle East/Central Asia,Region_Asia-Pacific,Region_EU,Region_Central America/Caribbean,Region_North America,Income Group_UM,Income Group_LM,Income Group_HI,Income Group_LI
71.0,78.458,0.792,5046032611084467,2.88273999023438,0.362065114608544,0.19571763859697,0.16317448816675,0.018086733562888,0.0422476200804316,0.639822237735029,1.42111383275061,0.547458323680216,0.195847929009886,0.207561322805762,0.0405949713778016,0.0422476200804316,0.852747856167477,1.88645802312157,0.362065114608544,0.19571763859697,0.310590492414638,0.0820723594803374,0.0422476200804316,0.992693225180922,-0.893764797940648,1.1919813601342713,1.9003434044568563,1.0,0.0,1.0,0.0,0.0,0.0,0.0,0.0,0.0,0.0,1.0,0.0,0.0,0.0
70.9,76.693,0.746,4759830053642441,42.2283984375,0.249653044641197,0.10832919066132,0.0798568994971498,0.0084171093852082,0.037283148604679,1.20064229712231,1.68418168991186,0.64291686791431,0.150201265006895,0.163527534515939,0.013792763402875,0.037283148604679,1.33318713588963,2.34090871533432,0.249653044641197,0.249356357690563,0.0253325060186657,0.0075413695046302,0.037283148604679,0.569166426459735,-1.7717422888745848,1.4791315365910769,4.112872099457758,1.0,0.0,0.0,1.0,0.0,0.0,0.0,0.0,0.0,0.0,1.0,0.0,0.0,0.0
72.8,76.52,0.842,1007639540623727,44.3611015625,2.20742313125958,0.969692208764631,0.250687823331713,0.174033948422431,0.0927052464559134,1.38153722899213,5.07607958722639,0.908613949053974,0.717146941902389,0.276677713367965,0.0835932195035561,0.0927052464559134,1.23300902757136,3.31174609785516,2.20742313125958,1.7214213629259,0.609912160088308,1.54819429583163,0.0927052464559134,6.17965619656133,2.8679100987061705,2.092566900380145,0.5359110592103782,1.0,0.0,0.0,0.0,1.0,0.0,0.0,0.0,0.0,0.0,1.0,0.0,0.0,0.0
71.8,74.945,0.771,4406741763360718,2.95175,0.208557325196056,0.156551687882874,0.198052713856041,4.41355787858651e-05,0.0357629323497004,0.652324421254654,1.25129321611811,0.482838528337327,0.201365023087704,0.2671960150033,0.0007562004438458,0.0357629323497004,0.912473417315973,1.90039211653785,0.208557325196056,0.263464504424988,0.0926493689157448,0.0156823252562176,0.0357629323497004,0.616116456142707,-1.2842756603951428,1.200785785898854,3.084469011646841,1.0,0.0,0.0,0.0,0.0,1.0,0.0,0.0,0.0,0.0,0.0,1.0,0.0,0.0
75.6,82.7488,0.943,5703223705153124,24.89819921875,1.92115791758873,2.41325481658602,0.984092570621241,0.0413691723629151,0.0408703540405788,5.44593930426768,10.8466841354672,0.765994859572182,0.522429083886807,0.947138881586788,0.112822069917975,0.0408703540405788,4.69678370165206,7.08603895065639,1.92115791758873,4.61339332792159,1.95952920630635,2.93674339815278,0.0408703540405788,11.47169420401,4.385655253353609,4.477399572555192,0.6176976848092257,1.0,0.0,0.0,0.0,0.0,0.0,1.0,0.0,0.0,0.0,0.0,0.0,1.0,0.0
82.1,81.6927,0.921,4971101452939631,8.89138964843749,0.51906870070478,0.144925246547453,1.31108456006782,5.99368427143614e-05,0.131240905009873,2.51309583926309,4.61947518843573,0.751800319841326,0.26921436374345,0.919378383696686,0.0563843932985444,0.131240905009873,3.93644118703882,6.0644595526287,0.51906870070478,0.144925246547453,1.87749553859898,0.0029556426845363,0.131240905009873,2.67568603354563,-3.3887735190830703,3.8319022514267673,2.2665064124106173,1.0,0.0,0.0,0.0,0.0,0.0,0.0,1.0,0.0,0.0,0.0,0.0,1.0,0.0
72.4,72.864,0.754,5795021656642627,9.94954003906248,0.435543823790782,0.173177123036226,0.0162266564097313,0.0002896193834263,0.0569118763828352,1.11456573366079,1.79671483266379,0.591934801042851,0.222369954313027,0.127092963845586,0.0102198615105309,0.0569118763828352,1.05154532053179,2.06007477762662,0.435543823790782,0.173177123036226,0.107072789619193,0.0144557418774481,0.0569118763828352,0.787161354706485,-1.272913422920135,1.301683210183702,2.6170933891880104,1.0,0.0,0.0,0.0,0.0,1.0,0.0,0.0,0.0,0.0,1.0,0.0,0.0,0.0
66.1,77.163,0.852,214779706577012,1.56944995117187,0.0068604555795891,0.0,0.0017429520087743,0.0265718555044115,0.0693809794524034,7.18705485177368,7.29161109431885,0.590591676953265,0.30791473732531,0.219729537524482,0.0802372604991535,0.0693809794524034,6.90503391399013,8.17288810574474,0.0068604555795892,0.0,0.0007753703704943,0.388243105536235,0.0693809794524034,0.465259910938722,-7.707628194806017,5.164138380556491,17.566284808968135,1.0,0.0,0.0,0.0,0.0,1.0,0.0,0.0,0.0,0.0,0.0,0.0,1.0,0.0
68.4,79.081,0.81,16136910427427769,0.286640991210937,0.0674199932807721,0.0031615928791527,0.0207653360937968,0.0723319367053496,0.054271660452771,1.68619989634865,1.90415041576049,0.575687410582073,0.283128381081388,0.128745080231165,0.272113331588847,0.054271660452771,2.65570920478227,3.96965506871852,0.0674199932807721,0.0031615928791527,0.0182733834526564,0.0430394819701271,0.054271660452771,0.186166112035479,-3.783488956683041,2.508274655507707,21.323188336027528,1.0,0.0,0.0,0.0,0.0,0.0,0.0,0.0,1.0,0.0,0.0,0.0,1.0,0.0
78.8,74.1756,0.823,6607808123636349,9.452620117187507,0.854818813263575,0.249903134506054,1.68479136889059,0.0003511192869405,0.0497615235398288,2.26310219307781,5.10272815256479,0.713218301851431,0.124496003217662,1.31742152829632,0.0713461303252274,0.0497615235398288,2.12673536259474,4.4029788498252,0.854818813263575,0.249903134506054,1.68508489987914,0.0178146001387219,0.0497615235398288,2.85738297132732,-1.5455958784978794,2.7820755371872137,1.5409130991565736,1.0,0.0,1.0,0.0,0.0,0.0,0.0,0.0,0.0,0.0,1.0,0.0,0.0,0.0
82.2,81.5951,0.93,46768040172233705,11.4822001953124,0.290762899376203,0.0332169341285414,0.290377779403455,0.0139428819875017,0.133779703541772,2.8946679469227,3.65674814536017,1.10036583034798,0.408781675993326,0.564127271155203,0.094978505365771,0.133779703541772,4.56360066841408,6.86563365481813,0.290762899376203,0.0332169341285414,0.262285129854447,0.0418560574867168,0.133779703541772,0.76190072438768,-6.10373293043045,4.338133815727294,9.011191924428031,1.0,0.0,0.0,0.0,0.0,0.0,0.0,1.0,0.0,0.0,0.0,0.0,1.0,0.0
64.4,74.496,0.714,42172076175280645,0.383071014404296,0.508001299126198,0.194245822829467,0.198326909161879,5.20430664097156,0.0005224168586607,0.376702381498338,6.4821054704461,0.507990847104286,0.274985047933845,0.303776999593317,5.14439286318242,0.0005224168586607,1.64079204470191,7.87246021937444,0.508001299126198,0.194245822829467,1.87507000648132,0.936025179782358,0.0005224168586607,3.51386472507801,-4.35859549429643,4.97430938026664,2.240399342407715,0.0,1.0,0.0,0.0,0.0,0.0,0.0,0.0,1.0,0.0,1.0,0.0,0.0,0.0
49.9,61.47,0.541,12113191118850782,11.4849999999999,0.607541816560887,0.032145828445931,0.239971029286664,0.040518941462872,0.0526068669891117,0.233660366319844,1.20644484906531,0.778173504280193,0.0355927129287684,0.236790878530307,0.106953092506193,0.0526068669891117,0.397322210156711,1.60743926539129,0.607541816560887,0.032145828445931,0.207890885071152,0.0196409844207302,0.0526068669891117,0.919826381487812,-0.6876128839034779,1.0156799771901777,1.7475463823849773,1.0,0.0,0.0,1.0,0.0,0.0,0.0,0.0,0.0,0.0,0.0,0.0,0.0,1.0
70.0,71.46,0.649,3128854115484657,0.754388000488281,0.223886749884971,0.302771717352749,2.73283772233651,2.40487189918628e-06,0.21432925287391,0.796209315534089,4.27003716285413,0.541126600779743,0.379141701240141,2.79280963330095,0.0292221673926583,0.21432925287391,1.20214028284362,5.15876963843102,0.223886749884971,0.339840183186475,4.18732008696396,0.0120790156754583,0.21432925287391,4.97745528858478,-0.1813143498462404,3.259631104890012,1.0364271177406783,1.0,0.0,0.0,0.0,0.0,0.0,1.0,0.0,0.0,0.0,0.0,1.0,0.0,0.0
67.6,71.239,0.714,25595212761107537,11.353099609375,0.639294965255619,1.6154630861801,0.172084704982988,0.0009924593597291,0.0647496127742872,0.69736534105786,3.18995016961059,0.476111574976585,1.60714177291152,0.201783008850206,0.0094943153191506,0.0647496127742872,0.749221758143257,3.108502042975,0.639294965255619,2.01286303803475,11.4796501125486,0.0490563479913365,0.0647496127742872,14.2456140766046,11.1371120336296,1.9641446815944976,0.2182076550901414,1.0,0.0,0.0,0.0,1.0,0.0,0.0,0.0,0.0,0.0,0.0,1.0,0.0,0.0
73.7,77.262,0.777,6096909506752836,3.32392993164062,0.470343415125155,0.196021949173563,0.814962169094614,0.0001397151300833,0.0304861728542268,2.39956390420984,3.91151732558748,0.86458933067101,0.372742174476917,0.635469037125028,0.0253765995725288,0.0304861728542268,1.96356962308562,3.89223293778533,0.470343415125155,0.241145428964578,1.25343493126095,0.003901983009383,0.0304861728542268,1.99931193121429,-1.89292100657104,2.4593545439530757,1.9467862303114287,1.0,0.0,1.0,0.0,0.0,0.0,0.0,0.0,0.0,0.0,1.0,0.0,0.0,0.0
61.9,69.275,0.73,8032891370222135,2.2540700683593697,0.0592313268296719,0.538885540726896,0.149347306597951,7.34572613387683e-06,0.0291931660293772,1.10666601150826,1.88333069741829,0.304045374939349,0.0783634110896576,0.219298397450064,0.0094876226290144,0.0291931660293772,1.72886788445757,2.36925585659503,0.0592313268296719,2.21145337245773,0.759826421409103,0.24255495721767,0.0291931660293772,3.30225924394356,0.93300338734853,1.4970430212791628,0.717465129650349,1.0,0.0,0.0,1.0,0.0,0.0,0.0,0.0,0.0,0.0,1.0,0.0,0.0,0.0
71.3,75.672,0.762,11075624555423476,209.469,1.17864683102796,0.81908964233782,0.745900822677967,0.0314743103959618,0.128556159500955,0.73037163362522,3.63403939956588,0.593462963790421,0.656062245538357,0.465568715265041,0.0409532931520262,0.128556159500955,0.703355807848312,2.58795918509511,1.17864683102796,0.81908964233782,6.32165367069396,0.161414176754917,0.128556159500955,8.60936048031561,6.0214012952205,1.6352333694216818,0.3005983070417604,1.0,0.0,0.0,0.0,1.0,0.0,0.0,0.0,0.0,0.0,1.0,0.0,0.0,0.0
68.3,75.722,0.836,3143674303121887,0.4289630126953119,0.0151836835484413,0.0105423539844249,0.138670408965837,0.252558802890595,0.0218599498112835,5.77186152775402,6.2106767269546,0.520176432497796,0.287176006038259,0.202323039263345,0.417119471675245,0.0218599498112835,3.96671404844111,5.41536894772703,0.0151836835484413,0.0105423539844249,1.46909184475751,1.19557712723477,0.0218599498112835,2.71225495933643,-2.7031139883906,3.4217664876843004,1.9966297523341736,1.0,0.0,0.0,0.0,0.0,0.0,1.0,0.0,0.0,0.0,0.0,0.0,1.0,0.0
73.8,74.9634,0.813,8642040779556573,7.05160986328126,1.71355072899917,0.083753514973288,0.514531799738471,0.0026681767522604,0.171560419203059,2.1058242585757,4.59188889824195,0.706830982965451,0.179062758076897,0.462172255959698,0.0370032196849953,0.171560419203059,2.06444024317878,3.62106987906888,1.71355072899917,0.0903820561282427,1.17810545420681,0.12270374230178,0.171560419203059,3.27630240083906,-0.3447674782298198,2.288016879618429,1.105230664343293,0.0,1.0,0.0,0.0,0.0,0.0,0.0,1.0,0.0,0.0,1.0,0.0,0.0,0.0
79.2,82.0488,0.928,5151774852603988,37.0746015625,2.75137036019306,0.335031896072699,2.92498446623489,0.176004284262537,0.0904776127663071,5.44632992477602,11.7241985443055,0.893169190417726,0.288667957012874,1.3560737849399,0.146312491536123,0.0904776127663071,5.29034866968159,8.06504970635452,2.75137036019306,0.335031896072699,8.33169749146138,3.22803473338729,0.0904776127663071,14.7366120938807,6.67156238752618,5.095999381223149,0.5472797719703493,1.0,0.0,0.0,0.0,0.0,0.0,0.0,0.0,0.0,1.0,0.0,0.0,1.0,0.0
40.9,53.977,0.397,812019863507005,15.4777001953125,0.383660558319339,0.923675469993327,0.228610593824604,0.0105262288559997,0.0583413837311123,0.0373808108540237,1.64219504557841,0.386437962452531,0.917651119858202,0.228765076423924,0.01074532258443,0.0583413837311123,0.0493849958643244,1.65132586091452,0.383660558319339,0.923675469993327,0.280083387216795,0.0584025162223199,0.0583413837311123,1.70416331548289,0.0528374545683698,1.043410254345712,0.9689950757135046,1.0,0.0,0.0,1.0,0.0,0.0,0.0,0.0,0.0,0.0,0.0,0.0,0.0,1.0
77.1,80.042,0.849,15110096096190044,18.72919921875,0.325363403692681,0.198512049307949,2.08815552813808,0.359350555441888,0.116853293514952,1.6654790392317,4.75371386932725,0.601555196263652,0.419376315899883,1.08750933366462,0.172755477858862,0.116853293514952,1.89515672650994,4.2932063437119,0.325363403692681,0.4178462461928,2.12094205846502,0.354819635321136,0.116853293514952,3.33582463718659,-0.9573817065253104,2.7127144490853103,1.28700001068784,1.0,0.0,0.0,0.0,1.0,0.0,0.0,0.0,0.0,0.0,1.0,0.0,0.0,0.0
72.1,76.704,0.755,7468925159999503,1459.37999999999,0.454208228129585,0.0991133741128563,0.12852887208319,0.0636809865586295,0.107280341174366,2.59962139077406,3.45243319283268,0.569592307296371,0.144927292980504,0.223991873302627,0.071745852205007,0.107280341174366,2.67919568107786,3.79673334803674,0.454208228129585,0.0991133741128563,0.221132844336468,0.0416626457918015,0.107280341174366,0.923397433545077,-2.873335914491663,2.399011971001239,4.111700130528246,1.0,0.0,0.0,0.0,0.0,0.0,1.0,0.0,0.0,0.0,1.0,0.0,0.0,0.0
70.6,77.109,0.764,7692152795956616,49.6609999999998,0.249719606972251,0.629378278604399,0.0835005081236358,0.0230283083237306,0.0362214590642186,0.529525587879931,1.55137374896817,0.380052458649219,0.613313435371718,0.114432191260665,0.0408992268272754,0.0362214590642186,0.67170918514361,1.85662795631671,0.249719606972251,1.09914159302959,1.98830071671341,0.0657033736431025,0.0362214590642186,3.43908674942258,1.58245879310587,1.1731328709724949,0.5398607512963831,1.0,0.0,0.0,0.0,1.0,0.0,0.0,0.0,0.0,0.0,1.0,0.0,0.0,0.0
73.6,80.095,0.808,9936593014862094,4.99943994140626,0.362838022539974,0.271990943710331,0.429596456559841,0.0461857866293961,0.089595767700434,0.558865304963722,1.7590722821037,0.378971683092413,0.206490981225081,0.661118263842796,0.0981642294746287,0.089595767700434,1.01190618035693,2.44624710569229,0.362838022539974,0.271990943710331,0.663899096578462,0.114140529697404,0.089595767700434,1.50246436022661,-0.9437827454656802,1.5456908749247642,1.6281564943898794,1.0,0.0,0.0,0.0,0.0,0.0,0.0,0.0,1.0,0.0,1.0,0.0,0.0,0.0
80.4,78.0707,0.848,15707704151177855,4.156399902343741,0.707251724369652,0.0328763898856869,0.772826226064721,0.0471763609481186,0.0779440821191596,1.43189277206336,3.0699675554507,0.621641785924113,0.178736183528962,0.648162337678429,0.0780686859205364,0.0779440821191596,2.27631149753694,3.88086457270814,0.707251724369652,0.139069745841961,1.56322944073422,0.344997389728195,0.0779440821191596,2.83249238279318,-1.0483721899149598,2.4521713047284943,1.370123569010674,1.0,0.0,1.0,0.0,0.0,0.0,0.0,0.0,0.0,0.0,0.0,0.0,1.0,0.0
73.7,78.726,0.781,6816918413390201,11.3380996093749,0.252166932497611,0.0894424817710252,0.0753510270783128,0.0118550778760537,0.0248914442320808,0.802846072161055,1.25655303561614,0.53950001698205,0.115731559637746,0.0831360381098848,0.0265939004230402,0.0248914442320808,0.971251669620589,1.76110462900539,0.252166932497611,0.0894424817710252,0.237098029501083,0.164884616661601,0.0248914442320808,0.768483504663401,-0.992621124341989,1.1127752991540198,2.291662239096155,1.0,0.0,0.0,0.0,0.0,0.0,0.0,0.0,1.0,0.0,1.0,0.0,0.0,0.0
81.4,79.0293,0.898,237208992721539,10.6657001953125,0.852452413995418,0.0783050962092146,1.54531997460859,0.0014894260502505,0.123454604833586,3.3420830422821,5.94310455797916,0.656119263637913,0.329684497469213,1.07574302706189,0.0391080339773337,0.123454604833586,3.49352351751608,5.71763294449601,0.852452413995418,0.0783050962092146,1.27301728354201,0.0019957667516556,0.123454604833586,2.32922516533189,-3.3884077791641203,3.612755656577719,2.454736033938268,1.0,0.0,0.0,0.0,0.0,0.0,0.0,1.0,0.0,0.0,0.0,0.0,1.0,0.0
84.9,80.9537,0.939,6467169684598826,5.7521298828125,1.35691122972354,0.0090361076962198,0.350006813183871,0.572613727471708,0.158076648337212,1.94824709004259,4.39489161645514,0.702308675535776,0.469323949930319,1.06115959522974,0.812304625880033,0.158076648337212,3.45021385881744,6.65338735373052,1.35691122972354,0.0090361076962198,0.3389603160948,1.75530882351399,0.158076648337212,3.61829312536576,-3.03509422836476,4.204023418595189,1.83881933364864,1.0,0.0,0.0,0.0,0.0,0.0,0.0,1.0,0.0,0.0,0.0,0.0,1.0,0.0
70.8,73.892,0.751,7697772958468685,10.627099609375,0.307819792152998,0.107435401662159,0.0392613135665177,0.0109438901663187,0.0630008674608571,0.80020515159139,1.32866641660024,0.393476427067286,0.132922539461622,0.126868032757952,0.0406763075602929,0.0630008674608571,1.01189961082139,1.7688437851294,0.307819792152998,0.107435401662159,0.166033509327343,0.0235026372228648,0.0630008674608571,0.667792207826222,-1.1010515773031782,1.117665378726384,2.6487936882152154,1.0,0.0,0.0,0.0,0.0,0.0,0.0,0.0,1.0,0.0,1.0,0.0,0.0,0.0
67.9,73.096,0.67,3507051356928708,6.42075,0.210416397591599,0.0993453720943967,0.31652133667243,0.196585891950582,0.0423998833979744,0.356047199796689,1.22131608150367,0.440008725259715,0.192994300323537,0.419115179081467,0.142865894400577,0.0423998833979744,0.790651992446812,2.02803597491008,0.210416397591599,0.139388773881586,0.0875673373790947,0.109250647230487,0.0423998833979744,0.589023039480741,-1.4390129354293388,1.281439104472862,3.443050337552016,1.0,0.0,0.0,0.0,0.0,0.0,0.0,0.0,1.0,0.0,0.0,1.0,0.0,0.0
81.6,78.2439,0.889,1991866411020177,1.32292004394531,0.892784040385227,0.102397016724005,5.27416373140568,0.251423492361692,0.0824230272526086,3.96309302967456,10.5662843378038,0.293919909586631,0.1636567468534,4.03395260248727,0.0771217234048601,0.0824230272526086,3.35836649650104,8.0094405060858,0.892784040385227,0.102397016724005,3.98918571442986,4.26499674628266,0.0824230272526086,9.33178654507436,1.3223460389885595,5.060862034216295,0.8582965831246387,1.0,0.0,0.0,0.0,0.0,0.0,0.0,1.0,0.0,0.0,0.0,0.0,1.0,0.0
53.3,59.401,0.605,4761590330288579,1.1362800292968702,0.279356724403419,0.401557599901612,1.17450917230864,8.71010605873212e-05,0.069788898712182,0.365782191501997,2.29108168788843,0.4385463766969,0.465571737155513,0.977699148954934,0.0188716092068935,0.069788898712182,0.493417776038449,2.46389554676487,0.279356724403419,0.553812714265285,0.0483056679118953,0.0051324049696667,0.069788898712182,0.956396410262447,-1.5074991365024233,1.5568422562627564,2.576228350845385,1.0,0.0,0.0,1.0,0.0,0.0,0.0,0.0,0.0,0.0,0.0,1.0,0.0,0.0
71.2,67.341,0.742,4794682114005652,0.883482971191405,0.169387177628517,0.0897540618163508,0.644178579434142,0.527720871210426,0.0258334417164674,0.451843598819424,1.90871773062533,0.427076484824165,0.217241182316632,0.76563240029071,0.534658021263824,0.0258334417164674,0.696886938016122,2.66732846842792,0.169387177628517,0.0897540618163508,1.40990104205057,0.646921098959677,0.0258334417164674,2.34179682217158,-0.3255316462563398,1.6853838128136724,1.1390093466582083,1.0,0.0,0.0,0.0,0.0,0.0,1.0,0.0,0.0,0.0,1.0,0.0,0.0,0.0
85.9,81.7341,0.937,4889019193573543,5.522580078125,0.56834907592663,0.0769323464815383,8.13600772541556,0.147421145757726,0.0965220694565073,2.83167997576347,11.8569123388014,0.716764084151134,0.187605542410406,1.16075047118752,0.207071530815818,0.0965220694565073,4.07475047459221,6.44346417261359,0.568349075926629,0.0769323464815383,9.12725023219487,2.26938606211462,0.0965220694565073,12.1384397861742,5.69497561356061,4.07138091296582,0.5308313330311824,1.0,0.0,0.0,0.0,0.0,0.0,0.0,1.0,0.0,0.0,0.0,0.0,1.0,0.0
81.7,82.7244,0.898,4505668277020996,65.02919921874991,1.08931925330005,0.157550574269054,0.414529589473104,0.138505104721672,0.151290028007059,1.68127818729352,3.63247273706446,0.791202473815155,0.243761705459732,0.509444271401819,0.217009734699067,0.151290028007059,2.50832310779487,4.4210313211777,1.08931925330005,0.157550574269054,0.871603839218341,0.110223214646119,0.151290028007059,2.37998690944062,-2.04104441173708,2.7934822099532117,1.8575864025305904,1.0,0.0,0.0,0.0,0.0,0.0,0.0,1.0,0.0,0.0,0.0,0.0,1.0,0.0
62.8,66.187,0.697,9051324193338469,2.1192700195312404,0.242869621547223,0.0217122577459441,0.856456057362275,0.0620027622003889,0.0406322334051858,0.40567187385137,1.62934480611239,0.501665026381524,0.1281425970747,0.543314425803068,0.157832837610789,0.0406322334051858,0.581752217259872,1.95333933753514,0.242869621547222,1.02046448543861,15.3599204371801,2.25934024770724,0.0406322334051858,18.9232270252784,16.96988768774326,1.2342411290478346,0.1032244307445971,0.0,1.0,0.0,1.0,0.0,0.0,0.0,0.0,0.0,0.0,1.0,0.0,0.0,0.0
72.2,73.6,0.805,4407485562674211,4.00293994140625,0.130682026401163,0.210489357676955,0.0655825450557768,0.193584580337111,0.0473104252717057,0.909794894331921,1.55744382907463,0.39093174390005,0.176733381861698,0.136249524609514,0.194319627426926,0.0473104252717057,1.37436387226451,2.3199085753344,0.130682026401163,0.395360674550824,0.641233755653081,0.0490383202985073,0.0473104252717057,1.26362520217528,-1.05628337315912,1.4658623436732856,1.8359150888576536,0.0,1.0,0.0,0.0,0.0,1.0,0.0,0.0,0.0,0.0,0.0,1.0,0.0,0.0
82.5,80.8927,0.946,471582360135501,83.1243984375,0.532445130529998,0.0815395124714201,0.542859069624617,0.0262644462942426,0.128824170125022,2.97048729469038,4.28241962373568,0.692994815385752,0.187526154235117,0.577515299752377,0.0435067668082716,0.128824170125022,3.04197061500531,4.67233782131185,0.532445130529998,0.0815395124714201,0.678891103161953,0.072217659671122,0.128824170125022,1.49391757595952,-3.1784202453523305,2.9522732671455736,3.127574035207987,1.0,0.0,0.0,0.0,0.0,0.0,0.0,1.0,0.0,0.0,0.0,0.0,1.0,0.0
62.5,63.78,0.606,18083286818796112,29.7670996093749,0.753691144062213,0.0594574813946058,0.666246343441352,0.114841555608617,0.0940411993107111,0.205188789757857,1.89346651357536,0.585513633138257,0.0758193425281547,0.675229785717592,0.17823779692443,0.0940411993107111,0.395822774157793,2.00466453177694,0.753691144062213,0.193536041972062,0.207244222819569,0.0512560322480578,0.0940411993107111,1.29976864041261,-0.7048958913643297,1.2666715749372492,1.5423241255771192,1.0,0.0,0.0,1.0,0.0,0.0,0.0,0.0,0.0,0.0,0.0,1.0,0.0,0.0
75.4,81.7878,0.881,24044400914621503,10.5222001953124,0.567387697795017,0.149852671477182,0.0657905439211601,0.044834693861003,0.0495053821767249,2.14409320297924,3.02146419221033,0.702938900865339,0.377461489081312,0.302572964255066,0.101197553545938,0.0495053821767249,2.56537900786244,4.09905529778682,0.567387697795017,0.149852671477182,0.219358909521666,0.182108479778591,0.0495053821767249,1.16821314074918,-2.93084215703764,2.5900377581879823,3.5088248495116896,1.0,0.0,0.0,0.0,0.0,0.0,0.0,1.0,0.0,0.0,0.0,0.0,1.0,0.0
59.9,74.063,0.657,31641773169903868,17.2478007812499,0.414234621941605,0.139119143408031,0.483459840046466,0.0217511493748833,0.0857631772816232,0.358558011250914,1.50288594330352,0.413515325000872,0.160352894683445,0.570213142460602,0.026855815455544,0.0857631772816232,0.56313201426949,1.81983236915158,0.414234621941605,0.139119143408031,0.284525304683913,0.0408783790628533,0.0857631772816232,0.964520626378026,-0.855311742773554,1.1498831333698234,1.8867739262201435,1.0,0.0,0.0,0.0,0.0,0.0,0.0,0.0,1.0,0.0,0.0,1.0,0.0,0.0
51.0,61.185,0.473,8971186595473429,12.4142998046874,0.464089244308807,0.483279919747273,0.411296678275782,0.0869638707114626,0.0597939900252902,0.0753526259083825,1.580776328977,0.616641405233667,0.492293943821448,0.412389150618869,0.0856299843252342,0.0597939900252902,0.177267441338108,1.84401591536262,0.464089244308807,0.694660275632091,0.558303022864292,0.281397939959866,0.0597939900252902,2.05824447279035,0.21422855742773,1.1651638000754658,0.8959168552327986,1.0,0.0,0.0,1.0,0.0,0.0,0.0,0.0,0.0,0.0,0.0,0.0,0.0,1.0
57.9,69.774,0.68,5825025876670446,0.7790059814453121,1.00783811923202,0.056442320758971,0.677808707796486,0.0693988241224727,0.0872455450888413,1.06256717597343,2.96130069297222,0.884313395269742,0.0900715909300995,0.577209865656614,0.0391443642281447,0.0872455450888413,1.7291918207511,3.40717658192454,1.00783811923202,0.977860852204674,65.4043823188789,5.22589270784887,0.0872455450888413,72.7032195432533,69.29604296132875,2.1528658080712177,0.0468641774508694,1.0,0.0,0.0,0.0,1.0,0.0,0.0,0.0,0.0,0.0,0.0,1.0,0.0,0.0
78.8,76.0659,0.85,1689415400463559,9.7075,1.5798867827475,0.0230807078320014,0.326661695866919,0.0021345336968048,0.178949176324124,1.74200067504029,3.85271357150763,0.741274263789322,0.0767484277183756,0.439703054272428,0.0252703419712487,0.178949176324124,2.40392448542949,3.86586974950499,1.5798867827475,0.0831310680311197,0.723008287231122,0.0066684034910316,0.178949176324124,2.5716437178249,-1.2942260316800902,2.442696643995208,1.5032680159811362,0.0,1.0,0.0,0.0,0.0,0.0,0.0,1.0,0.0,0.0,0.0,0.0,1.0,0.0
66.3,71.509,0.712,4296318988609167,267.67099999999897,0.512430767625054,0.0170728797835669,0.269002078922699,0.261174368242327,0.0611190055269883,0.736910403603627,1.85770950370426,0.498682410337211,0.0427266739927918,0.182644735357864,0.229114552070218,0.0611190055269883,0.702893673580693,1.71718105086577,0.512430767625054,0.0521330967887828,0.269884735010796,0.344678093699608,0.0611190055269883,1.24024569865123,-0.4769353522145401,1.0850216540842013,1.3845490879212146,1.0,0.0,0.0,0.0,0.0,0.0,1.0,0.0,0.0,0.0,0.0,1.0,0.0,0.0
70.0,76.479,0.785,6442526789263397,81.800203125,0.347726614828253,0.0662104009485047,0.0036674843300059,0.185180459043809,0.0722626409460704,2.63645842067815,3.3115060207748,0.561129416618865,0.0959904004205907,0.0482199696039065,0.162093706816245,0.0722626409460704,2.31882858089438,3.25852471530005,0.347726614828253,0.0662104009485047,0.0576213374054003,0.181347044193107,0.0722626409460704,0.725168038321336,-2.533356676978714,2.058938324928838,4.493475364472881,0.0,1.0,0.0,0.0,0.0,1.0,0.0,0.0,0.0,0.0,1.0,0.0,0.0,0.0
63.8,70.454,0.671,5463968804966208,38.4336015624999,0.0795607794435703,0.0160751472616668,0.0022232452601151,0.001545877001117,0.0189125821639658,1.16966057076554,1.28797820189598,0.377793883839003,0.0491718638349949,0.0242881527503608,0.0102363239468494,0.0189125821639658,1.28392824063611,1.76433104717128,0.0795607794435703,0.0160751472616668,0.039578160146324,0.0020482757754881,0.0189125821639658,0.156174944791015,-1.608156102380265,1.1148139505666688,11.297145323356531,0.0,1.0,0.0,0.0,0.0,1.0,0.0,0.0,0.0,0.0,0.0,1.0,0.0,0.0
81.0,82.2561,0.951,7740693104050336,4.81868994140624,0.388757880981797,0.730523137374873,0.496037791897074,0.384090586030775,0.0770595046519892,2.65830882404985,4.73477772498636,0.939299173015885,0.324401160107655,0.594408197939895,0.149722130461269,0.0770595046519892,3.16601151248223,5.25090167865892,0.388757880981797,0.730523137374873,0.457542213970211,1.41888061255811,0.0770595046519892,3.07276334953698,-2.17813832912194,3.3178458508725788,1.708853263773194,0.0,1.0,0.0,0.0,0.0,0.0,0.0,1.0,0.0,0.0,0.0,0.0,1.0,0.0
75.0,82.8024,0.916,3686682335439437,8.38151953125,0.102443191656472,0.0060769443608236,0.0021599002693375,0.0010767412373306,0.0343609689929348,2.55307387249955,2.69919161901645,0.72038694872126,0.323882251120545,0.298623285170614,0.0812216582610219,0.0343609689929348,3.20094344521922,4.65941855748559,0.102443191656472,0.0060769443608236,0.0256753947850715,0.014640234032181,0.0343609689929348,0.183196733827483,-4.476221823658107,2.9441100737541417,25.43396085802152,1.0,0.0,0.0,0.0,0.0,1.0,0.0,0.0,0.0,0.0,0.0,0.0,1.0,0.0
78.8,83.3463,0.89,3527749798672804,60.6618984374998,0.373693206732183,0.0332884176105788,0.0926354400463493,0.0226685771194234,0.0416424439511577,1.86611073926285,2.43003882472254,0.765745678185857,0.282116677136357,0.466807362156335,0.13545161704492,0.0416424439511577,2.61876884262477,4.3105326210994,0.373693206732183,0.0332884176105788,0.312043397262073,0.0608034022072346,0.0416424439511577,0.821470867763227,-3.4890617533361725,2.7236622673952247,5.247334738523956,1.0,0.0,0.0,0.0,0.0,0.0,0.0,1.0,0.0,0.0,0.0,0.0,1.0,0.0
69.0,74.368,0.734,4855273532157433,2.9348500976562404,0.111248232544828,0.0,0.101302674997861,0.0062027830175142,0.0331781543225395,0.999181924297829,1.25111376918057,0.423745728719369,0.0833046521617368,0.176773950271544,0.0902684075688711,0.0331781543225395,0.826584922653549,1.63385581569761,0.111248232544828,0.0,0.166891630685438,0.107362413274779,0.0331781543225395,0.418680430827583,-1.2151753848700269,1.0323715945907486,3.902393556985827,1.0,0.0,0.0,0.0,0.0,0.0,0.0,0.0,1.0,0.0,1.0,0.0,0.0,0.0
79.8,84.211,0.917,4850552664266323,127.201999999999,0.084842001953366,3.06992960134644e-05,0.144963165745261,0.164612138452511,0.0604903805222902,3.11011018147148,3.56504856744092,0.439604144787847,0.122229939378897,0.226045669374949,0.25903895801731,0.0604903805222902,3.50028329391802,4.60769238599932,0.0848420019533659,0.0074521683471606,0.339437266189007,0.0998715654057646,0.0604903805222902,0.592093382417589,-4.01559900358173,2.9114262655341645,7.782036622644815,1.0,0.0,0.0,0.0,0.0,0.0,1.0,0.0,0.0,0.0,0.0,0.0,1.0,0.0
70.1,74.405,0.728,3306657384476317,9.96532031250001,0.0545734951416523,0.012390493703575,0.0140672977215586,0.0006160640192116,0.0636100201907004,0.851309767484133,0.996567138260831,0.434926051134579,0.126572177629127,0.130518294448979,0.0235078997103074,0.0636100201907004,0.97792141695212,1.75705586006581,0.0545734951416523,0.012390493703575,0.0180395661875549,0.0020379948617335,0.0636100201907004,0.150651570085216,-1.606404289980594,1.1102170354405851,11.663043797498638,1.0,0.0,0.0,0.0,0.0,1.0,0.0,0.0,0.0,0.0,1.0,0.0,0.0,0.0
71.6,73.15,0.819,1113561455216547,18.3195996093749,1.55737675312407,0.144391019140332,0.0102532953958435,0.0170180621441883,0.0493961184129718,4.09818642119953,5.87662166941693,0.919087105094547,0.164912577360605,0.0608458234635856,0.0231055203637727,0.0493961184129718,3.73353856803203,4.95088571272752,1.55737675312407,1.70341463283867,0.214119940761096,0.0501424254687294,0.0493961184129718,3.57444987060554,-1.37643584212198,3.1282771275032903,1.385076275216807,1.0,0.0,0.0,0.0,0.0,1.0,0.0,0.0,0.0,0.0,1.0,0.0,0.0,0.0
78.6,82.6268,0.914,2833597519991481,51.17169921875,0.115833907308939,0.0008411454201099,0.0599839537485426,0.313474646364342,0.0547925581804023,4.34070986775819,4.88563607878052,0.68825127818487,0.184888534583546,0.226605059766932,0.429459812458174,0.0547925581804023,4.73282258856045,6.31681983173438,0.115833907308939,0.0008411454201099,0.0885727824549463,0.383698925082458,0.0547925581804023,0.643739318446856,-5.673080513287524,3.9913591516309377,9.81269848014708,1.0,0.0,0.0,0.0,0.0,0.0,1.0,0.0,0.0,0.0,0.0,0.0,1.0,0.0
62.5,75.398,0.807,3311330261927857,4.13731005859375,0.0215119356978849,0.0054862966079995,0.0018639177776481,0.0033298597399988,0.18029306824404,7.71846049506138,7.93094557312895,0.670340624555402,0.277363050333027,0.20400116984755,0.0858712381246156,0.18029306824404,6.48186084723686,7.8997299983415,0.0215119356978849,0.0054862966079995,0.0027853173521141,0.291276846843924,0.18029306824404,0.501353464745963,-7.398376533595536,4.991540120535078,15.756807429952264,1.0,0.0,0.0,0.0,0.0,1.0,0.0,0.0,0.0,0.0,0.0,0.0,1.0,0.0
63.0,67.61,0.609,17855813301256514,7.061509765625019,0.744426558258783,0.0828405714786625,0.448903828681297,0.0141008293316803,0.152221588888012,0.861961635848723,2.30445501248716,0.743437508535126,0.242819774473673,0.362939349387282,0.0164409420245198,0.152221588888012,0.322027671003662,1.83988683431227,0.744426558258783,0.11699467057589,0.652271902502841,0.0309699136384695,0.152221588888012,1.696884633864,-0.14300220044827,1.1625547901816984,1.084273378162803,1.0,0.0,0.0,0.0,0.0,0.0,1.0,0.0,0.0,0.0,0.0,1.0,0.0,0.0
79.2,74.7829,0.863,16252398615921244,1.92845996093749,1.31554579552962,0.15750509750384,4.29584512797944,0.284350258608182,0.0921169922471509,1.40537226363663,7.55073553550487,0.792463096716113,0.146518151836528,3.19164857956522,0.25642785040817,0.0921169922471509,1.92599917232361,6.40517384309679,1.31554579552962,0.24005946902462,4.44519646149351,2.06275249444696,0.0921169922471509,8.15567121274186,1.7504973696450694,4.047186704296443,0.7853644017784566,1.0,0.0,0.0,0.0,0.0,0.0,0.0,1.0,0.0,0.0,0.0,0.0,1.0,0.0
66.8,78.875,0.747,6204862959130629,6.859410156249989,0.125671967836407,0.0304359138448088,0.001746535068244,0.0030024599846689,0.0539079149351823,1.36652591139627,1.58129070306558,0.581943833647208,0.330453241604065,0.146353124564089,0.0422873440338993,0.0539079149351823,1.80877174402287,2.96371720280731,0.125671967836407,0.0304359138448088,0.0382042536976029,0.0049378278857785,0.0539079149351823,0.253157878199779,-2.710559324607531,1.872660625975633,11.706991794537396,1.0,0.0,0.0,0.0,0.0,1.0,0.0,0.0,0.0,0.0,1.0,0.0,0.0,0.0
76.7,75.6805,0.876,1774405082952606,2.80126000976563,1.85719184169974,0.145052481367677,1.52280527741787,0.134357921362977,0.123577088845067,1.63226342313429,5.41524803382763,0.846849657365372,0.339866907538056,1.35188958064444,0.208655247167406,0.123577088845067,3.12994611790574,6.00078459946608,1.85719184169974,0.146038294351858,2.30220391813019,0.320908091540096,0.123577088845067,4.74991923456695,-1.2508653648991297,3.791668460721118,1.2633445545339197,1.0,0.0,0.0,0.0,0.0,0.0,0.0,1.0,0.0,0.0,1.0,0.0,0.0,0.0
74.2,82.2951,0.913,11138064947802796,0.604244995117186,0.296401959170984,0.0724501544355179,0.470086104032475,0.0,0.084863256857732,5.34012091446639,6.2639223889631,0.842740338253691,0.600762026457099,1.58892628827283,0.137490716169904,0.084863256857732,9.69557638641782,12.9503590124291,0.296401959170984,0.0724501544355179,0.753402715065122,0.0006032165467259,0.084863256857732,1.20772130207608,-11.74263771035302,8.182841261593007,10.722969769736906,1.0,0.0,0.0,0.0,0.0,0.0,0.0,1.0,0.0,0.0,0.0,0.0,1.0,0.0
70.9,75.997,0.805,12116214158842971,31.5279999999999,0.721965710043476,0.0019673135500233,0.356231789994165,0.411171946629692,0.0701834551716671,2.64920317782693,4.21072339321595,0.708311652782241,0.133881272267589,0.360094744664072,0.432480180161631,0.0701834551716671,2.5545031330091,4.2594544380563,0.721965710043476,0.0169637669750814,0.572719425809462,0.779301378388529,0.0701834551716671,2.16113373638822,-2.0983207016680803,2.691387898524745,1.9709351468340337,1.0,0.0,0.0,0.0,0.0,0.0,1.0,0.0,0.0,0.0,1.0,0.0,0.0,0.0
52.2,58.893,0.431,7787259789376953,19.07769921875,0.67191335473751,0.553318598541872,0.144038632064251,0.0116215388033784,0.0974597287697206,0.0933605760409607,1.57171242895769,0.68803259252119,0.476009490762902,0.143437373717179,0.0327100620779628,0.0974597287697206,0.191385348693027,1.62903459654198,0.67191335473751,0.553318598541872,0.514359819173664,0.0382111674108789,0.0974597287697206,1.87526266863365,0.24622807209167,1.0293252488485178,0.8686967558144394,1.0,0.0,0.0,1.0,0.0,0.0,0.0,0.0,0.0,0.0,0.0,0.0,0.0,1.0
55.5,64.704,0.542,17038636616918193,4.403310058593769,0.109650545621247,1.43971386424286,0.190796856385774,0.406139033548266,0.0580630324107828,0.279842311770729,2.48420564397966,0.452952729656864,1.30622971380842,0.196751741353652,0.0794722047876212,0.0580630324107828,0.423165804429305,2.51663522644664,0.109650545621247,2.51214509942612,0.054254461586779,1.18686859510926,0.0580630324107828,3.92098173415419,1.40434650770755,1.590166461916746,0.6418380388067564,0.0,1.0,0.0,1.0,0.0,0.0,0.0,0.0,0.0,0.0,0.0,1.0,0.0,0.0
69.1,74.992,0.776,10381088984158934,126.191,0.316974736467431,0.228653925269118,0.159127813704347,0.0799786077819466,0.0429640614334224,1.22469611844821,2.05239526310448,0.524909995553778,0.227248873265798,0.275353786670762,0.0825107985851621,0.0429640614334224,1.22947445756826,2.38246197307718,0.316974736467431,0.228653925269118,0.433337108617014,0.132673900925651,0.0429640614334224,1.15460373271264,-1.22785824036454,1.505387465997014,2.0634455836027787,1.0,0.0,0.0,0.0,0.0,0.0,0.0,0.0,0.0,1.0,1.0,0.0,0.0,0.0
63.8,69.689,0.735,4210843450411825,3.17021997070312,0.167473229312024,5.4423183094661,0.10684171485646,1.20073196316114e-05,0.0241003586822616,2.31809828331021,8.05884390294668,0.333848725360166,4.44132435370552,0.14928882026143,0.0037684826872147,0.0241003586822616,2.32338482587923,7.27571556657582,0.167473229312024,7.22181468295466,6.65015330416621,0.078883165455409,0.0241003586822616,14.1424247405706,6.8667091739947805,4.59724904063675,0.5144602640665895,1.0,0.0,0.0,0.0,0.0,0.0,1.0,0.0,0.0,0.0,0.0,1.0,0.0,0.0
68.2,76.77,0.826,8179748662821381,0.627809020996094,0.063444586279357,0.179040951590795,0.801104572452289,0.015084802355875,0.0088512304687086,1.35924549461696,2.42677163776398,0.634547104773938,0.422588562473004,0.600006762866563,0.0715762180229677,0.0088512304687086,2.4912011513193,4.22877102992449,0.063444586279357,0.188679282616761,2.01032355343244,0.239746490479392,0.0088512304687086,2.51104514327666,-1.7177258866478295,2.672000215305592,1.684068102577547,1.0,0.0,1.0,0.0,0.0,0.0,0.0,0.0,0.0,0.0,1.0,0.0,0.0,0.0
70.5,76.453,0.68,34139069437141293,36.0291015624999,0.430324468372066,0.154026930650935,0.0751364588374645,0.117583944332109,0.0493395044204996,0.617148293908205,1.44355960052128,0.662856190878053,0.158141496461405,0.150494684695344,0.0709822417121151,0.0493395044204996,0.66174007530036,1.75355419346778,0.430324468372066,0.154026930650935,0.0877864009745079,0.0670761981983162,0.0493395044204996,0.788553502616325,-0.9650006908514552,1.1080044649709015,2.223760578895027,0.0,1.0,0.0,1.0,0.0,0.0,0.0,0.0,0.0,0.0,0.0,1.0,0.0,0.0
64.9,66.867,0.579,1573149750987776,53.70830078125,0.947821970420568,0.0045963315580186,0.325187307501996,0.0621485168861377,0.120208668077518,0.202748540772107,1.66271133521635,0.841386924751773,0.009109125239546,0.338093364419774,0.0457031291014228,0.120208668077518,0.303670266332488,1.65817147792252,0.947821970420568,0.0045963315580186,0.509579777864589,0.280429709930508,0.120208668077518,1.8626364578512,0.2044649799286799,1.0477357404006054,0.8902281875419975,1.0,0.0,0.0,0.0,0.0,0.0,1.0,0.0,0.0,0.0,0.0,0.0,0.0,1.0
61.8,63.373,0.645,5942286365988372,2.44830004882812,0.126108931516603,1.26112093368407,0.242007893160282,2.14641462567454,0.0195412795341702,0.561778175526226,4.35697183909589,0.29543114201994,0.245578811949357,0.25542674226849,0.511770955948708,0.0195412795341702,1.18230367827055,2.51005260999122,0.126108931516603,1.47701839703986,0.307029024175542,4.39192778840751,0.0195412795341702,6.32162542067369,3.8115728106824696,1.5860071559477795,0.3970581049903026,0.0,1.0,0.0,1.0,0.0,0.0,0.0,0.0,0.0,0.0,1.0,0.0,0.0,0.0
81.6,81.8122,0.942,5536923300982671,17.0853007812499,0.175777386583018,0.0424551479170625,0.0836226656995078,0.141511989568938,0.069512542567257,3.10623847549273,3.61911820782851,1.04426999171493,0.58003065560321,0.341892206066027,0.0021692342615443,0.069512542567257,3.65369315234102,5.69156778255399,0.175777386583018,0.0424551479170625,0.0746093087188799,0.417288818616891,0.069512542567257,0.779643204403109,-4.911924578150881,3.5962860681729056,7.300221114492271,1.0,0.0,0.0,0.0,0.0,0.0,0.0,1.0,0.0,0.0,0.0,0.0,1.0,0.0
82.0,82.7585,0.956,9160803070432124,5.3379599609375,0.155602587684484,0.317249678380616,1.52845679793706,5.51873103749215,0.0273746142005462,2.78304996588163,10.3304646815765,0.829313647704449,0.276929040239885,0.885709248504835,1.15171151776193,0.0273746142005462,2.4978648423053,5.66890291071694,0.155602587684484,0.574952029797569,3.29811853656122,2.85244013229043,0.0273746142005462,6.90848790053425,1.2395849898173097,3.581964994272257,0.8205707229042914,1.0,0.0,1.0,0.0,0.0,0.0,0.0,0.0,0.0,0.0,0.0,0.0,1.0,0.0
70.1,77.633,0.813,15796763745538165,4.82947021484374,0.0650400904114341,0.0294949950746868,0.0038173738781894,0.778101993470703,0.225544031905751,5.40511219218508,6.50711067692585,0.544729700648042,0.313935902390568,0.133358857858456,0.427853166547609,0.225544031905751,4.64299649511356,6.28841815446399,0.0650400904114341,0.0294949950746868,0.0009926281620151,1.10591532589441,0.225544031905751,1.4269870714483,-4.86143108301569,3.973413207704322,4.406780047475588,1.0,0.0,0.0,0.0,0.0,1.0,0.0,0.0,0.0,0.0,0.0,0.0,1.0,0.0
68.0,78.329,0.812,1175511773707277,4.1768701171875,0.141205161392816,0.392724968455583,0.158364086126834,0.6423035904566,0.0275344180004125,0.813337721037376,2.17546994546962,0.434266816619027,0.402243562890444,0.190293114072385,0.435555575551962,0.0275344180004125,1.43318865537255,2.92308214250678,0.141205161392816,0.392724968455583,1.40177276811608,0.55061471272645,0.0275344180004125,2.51385202869134,-0.4092301138154401,1.8469848707494367,1.162790056512784,1.0,0.0,0.0,0.0,0.0,0.0,0.0,0.0,1.0,0.0,1.0,0.0,0.0,0.0
51.3,64.263,0.549,2397656518782972,8.60632031250003,0.343028557971803,0.0001539710017297,0.570809842753298,0.997205052982947,0.140351168772164,0.218261877515448,2.26981047099739,0.277845425214197,0.0237227790944533,0.268787589714066,0.793047244422011,0.140351168772164,0.218426180361841,1.72218038757873,0.343028557971803,0.0311254740813242,2.30736796969655,0.604420783500129,0.140351168772164,3.42629395402197,1.70411356644324,1.0881805455632825,0.5026364960768007,0.0,1.0,0.0,0.0,0.0,0.0,1.0,0.0,0.0,0.0,0.0,1.0,0.0,0.0
66.9,74.131,0.727,5379589473025855,6.95606982421875,2.39786214080968,1.78350890638115,0.808379951958358,0.0067169126148504,0.128742649071894,0.427148532596934,5.55235909343286,0.689373085659922,0.829807057696237,0.829867395580199,0.0093011414856147,0.128742649071894,0.582858477682416,3.06994980717628,2.39786214080968,2.19151614441759,5.29613737466994,0.0495274636813149,0.128742649071894,10.0637857726504,6.99383596547412,1.939784984267369,0.3050492008205553,1.0,0.0,0.0,0.0,1.0,0.0,0.0,0.0,0.0,0.0,0.0,1.0,0.0,0.0
71.1,76.516,0.771,6439653101787837,31.9893007812499,0.330647257931528,0.482691394019849,0.107475825578135,0.565315534233808,0.0808847036396942,0.5785837808678,2.14559849627081,0.497538245340064,0.469493455112944,0.16583349547003,0.464201059938227,0.0808847036396942,0.679496139668991,2.35744709916995,0.330647257931528,0.482691394019849,2.51177334086768,0.190246216362057,0.0808847036396942,3.59624291282081,1.23879581365086,1.489581514813331,0.6555305512777008,1.0,0.0,0.0,0.0,1.0,0.0,0.0,0.0,0.0,0.0,1.0,0.0,0.0,0.0
80.2,77.6024,0.877,1666596277476253,37.9216015624999,0.819506745874958,0.0713135352294788,0.810039492347984,0.0263801138131971,0.102389561187448,2.88559131930917,4.71522076776224,0.643771093656372,0.0229085625259396,0.899150005579552,0.0696290060318673,0.102389561187448,3.01689750147998,4.75474573046116,0.819506745874958,0.0713135352294788,0.781963067460149,0.108252144515201,0.102389561187448,1.88342505426724,-2.87132067619392,3.0043437030787694,2.524520803038286,1.0,0.0,0.0,0.0,0.0,0.0,0.0,1.0,0.0,0.0,0.0,0.0,1.0,0.0
78.6,81.3244,0.86,24180495239684,10.2562001953125,0.244691772284701,0.0905149970394996,0.907199520071583,0.217497831362169,0.0276427268651105,1.69857235333461,3.18611920095767,0.8324974699971,0.352087721928419,0.407803804158932,0.35821989577968,0.0276427268651105,2.57344674439583,4.55169836312507,0.244691772284701,0.0905149970394996,0.855697435162337,0.0751765610432712,0.0276427268651105,1.29372349239492,-3.2579748707301497,2.876045763701107,3.518293043205886,1.0,0.0,0.0,0.0,0.0,0.0,0.0,1.0,0.0,0.0,0.0,0.0,1.0,0.0
66.7,80.1,0.845,639901082706583,2.78167993164061,0.0071146081436553,6.5789479186884e-05,0.0006936471418279,0.0758230371754671,0.0491230207212639,11.8103776827719,11.9431977854333,0.706292671221089,0.34224876713946,0.190356804103611,0.159984587146816,0.0491230207212639,12.8229477436623,14.2709535939946,0.0071146081436553,6.5789479186884e-05,0.0,0.86404971828195,0.0491230207212639,0.920353136626056,-13.350600457368545,9.017274949608842,15.505954210479274,1.0,0.0,0.0,0.0,0.0,1.0,0.0,0.0,0.0,0.0,0.0,0.0,1.0,0.0
73.7,71.808,0.746,2355723465310615,4.05193994140624,1.03196987856975,0.0587882715535499,0.121494300996538,3.86807853238413e-05,0.0654304466158183,0.708268426461973,1.98599000498295,0.539242190978059,0.0607838071369128,0.193669692584361,0.0503111968325541,0.0654304466158183,0.959221426448363,1.86865876059607,1.03196987856975,0.0587882715535499,0.0808262970269826,0.0086779188972531,0.0654304466158183,1.24569281266335,-0.6229659479327201,1.180734680433747,1.5000959639485991,1.0,0.0,1.0,0.0,0.0,0.0,0.0,0.0,0.0,0.0,0.0,1.0,0.0,0.0
72.5,75.688,0.77,5452001100822315,2.08295996093749,0.413879318292201,0.153601712573525,0.1636174981256,0.000396097906789,0.0269217982027032,1.26477893367413,2.02319535877495,0.659995779818413,0.2336608984362,0.307379944866914,0.0327637370243962,0.0269217982027032,1.83687952489486,3.09760168324349,0.413879318292201,0.153601712573525,0.889261896378682,0.0094667879899781,0.0269217982027032,1.49313151343709,-1.6044701698064,1.9572571572184088,2.0745672135155835,1.0,0.0,1.0,0.0,0.0,0.0,0.0,0.0,0.0,0.0,1.0,0.0,0.0,0.0
75.0,75.3585,0.823,11534853430762852,19.5060996093749,1.56744843078898,0.134990406764952,0.478648727256102,0.0010180340629407,0.190782581877218,1.36767198146814,3.74056016221833,1.04682165708287,0.0855837502377435,0.555566110397378,0.0425779125873944,0.190782581877218,1.66305298121437,3.58438499339697,1.56744843078898,0.134990406764952,1.19320338971518,0.0918162827920211,0.190782581877218,3.17824109193835,-0.4061439014586199,2.2648370900956194,1.1277888900526802,1.0,0.0,0.0,0.0,0.0,0.0,0.0,1.0,0.0,0.0,1.0,0.0,0.0,0.0
73.8,72.6622,0.823,11939561118201738,145.733999999999,0.993399224092578,0.0212927560192908,1.08806980611248,0.289734828636057,0.039187934991867,3.99531064081377,6.42699519066605,0.639638510105321,0.0912045813887174,0.745655958587947,0.18908012271916,0.039187934991867,3.60586758618207,5.31063469397508,0.993399224092578,0.33244884690102,4.18532947152863,1.16516947277751,0.039187934991867,6.7155349502916,1.4049002563165196,3.3555888803854543,0.7907984595842932,1.0,0.0,1.0,0.0,0.0,0.0,0.0,0.0,0.0,0.0,1.0,0.0,0.0,0.0
66.3,74.998,0.854,2082912944109227,33.702800781249906,0.0668188673733406,0.0490915938385557,0.0033708003748785,0.02630916386703,0.0386001786526062,5.64199271726381,5.82618332137022,0.646579725235858,0.170916425925699,0.169133575711802,0.061169837950912,0.0386001786526062,3.86902671658319,4.95542646006006,0.0668188673733406,0.0999399219778904,0.0534492120149432,0.150009672002236,0.0386001786526062,0.408817852021017,-4.546608608039043,3.131146253725623,12.121355355600532,1.0,0.0,0.0,0.0,0.0,1.0,0.0,0.0,0.0,0.0,0.0,0.0,1.0,0.0
75.6,75.8902,0.803,5471835505949833,8.802750000000021,1.10691058471083,0.017902985327501,0.392321835471957,0.0018666969549438,0.0789518312938996,1.75726723855961,3.35522117231874,0.752455762176445,0.0359642475480458,0.493796566024745,0.031768449771072,0.0789518312938996,1.67757563056144,3.07051248737564,1.10691058471083,0.017902985327501,0.473197481195397,0.0035650948715346,0.0789518312938996,1.68052797739916,-1.3899845099764805,1.9401405205693345,1.8271117938349744,1.0,0.0,1.0,0.0,0.0,0.0,0.0,0.0,0.0,0.0,1.0,0.0,0.0,0.0
69.9,83.2976,0.936,5783760312635693,5.7575,0.0008462422300833,0.0,0.0018819227194663,0.0018257389890077,0.0412272547967222,3.19990613065152,3.2456872893868,0.621485666535708,0.242581396711579,0.207203040976331,0.197772046984763,0.0412272547967222,4.62121654779847,5.93148595380357,0.0008462422300833,0.0,0.0021801844928649,0.0124438660236191,0.0412272547967222,0.0566975475432896,-5.87478840626028,3.747881271767093,104.61627020595157,1.0,0.0,0.0,0.0,0.0,0.0,1.0,0.0,0.0,0.0,0.0,0.0,1.0,0.0
79.6,77.2659,0.858,20539115977021003,5.453009765625,0.806989411948195,0.05176962585855,1.19165127385747,0.0015754658409334,0.117866414135452,2.28084044676891,4.45069263840951,0.590597937211497,0.183111747396982,0.89300063825203,0.0424439313922312,0.117866414135452,2.9044437775978,4.73146444598599,0.806989411948195,0.0535297220175272,1.81078572285744,0.0021857364018049,0.117866414135452,2.79135700736042,-1.9401074386255703,2.9896331413836488,1.6950409544568383,1.0,0.0,0.0,0.0,0.0,0.0,0.0,1.0,0.0,0.0,0.0,0.0,1.0,0.0
81.6,81.3781,0.912,26709658901778537,2.07784008789062,0.247437839952857,0.0603136683844674,1.51254338266769,0.001227969120999,0.0825072922283914,2.37475336222867,4.27878351458307,0.619900471231751,0.192604581194695,1.11926842887018,0.0493406081852661,0.0825072922283914,3.30257934050944,5.36620072221973,0.247437839952856,0.0603136683844674,1.80485867786897,0.0043141063407687,0.0825072922283914,2.19943158477546,-3.16676913744427,3.3906989486257846,2.439812522182892,1.0,0.0,0.0,0.0,0.0,0.0,0.0,1.0,0.0,0.0,0.0,0.0,1.0,0.0
79.5,83.4317,0.905,3298146081167656,46.6928984375,0.977625810565878,0.132164411362159,0.258047520930538,0.371291442675504,0.0647081352416866,1.92181930912021,3.72565662989597,1.13221860542084,0.161367595005233,0.298313005065874,0.348837481120003,0.0647081352416866,2.38604638427917,4.39149120613281,0.977625810565878,0.132164411362159,0.302175492230112,0.0585810865080432,0.0647081352416866,1.53525493590788,-2.856236270224929,2.7748169303243198,2.860431256998944,1.0,0.0,0.0,0.0,0.0,0.0,0.0,1.0,0.0,0.0,0.0,0.0,1.0,0.0
67.0,71.57,0.734,8100331740316328,0.575989990234375,0.347700372890879,0.0248078126940158,1.36240505716044,0.356749947741608,0.0938054706687207,1.35546225898055,3.54093092013622,0.322577574113272,0.0019439344046237,0.741388952925166,0.248663172021166,0.0938054706687207,1.65618794778424,3.06456705191719,0.347700372890879,0.0248078126940158,73.0391852788138,6.86802566996908,0.0938054706687207,80.3735246050365,77.3089575531193,1.93638382513403,0.0381290613666226,1.0,0.0,0.0,0.0,1.0,0.0,0.0,0.0,0.0,0.0,1.0,0.0,0.0,0.0
85.6,82.5585,0.943,5906751755638232,9.9716396484375,0.388176273718079,0.17319291581157,5.01040393781239,0.0660129623957358,0.0720812161561288,1.32088427355604,7.03075157944995,0.663205219848152,0.383629476056116,1.72135859200906,0.117643733958309,0.0720812161561288,3.31833743442343,6.27625567245119,0.388176273718079,0.236758316296152,6.1715985315099,2.09046466093791,0.0720812161561288,8.95907899861816,2.6828233261669707,3.9657281960716553,0.7005469728996957,1.0,0.0,0.0,0.0,0.0,0.0,0.0,1.0,0.0,0.0,0.0,0.0,1.0,0.0
80.1,83.7537,0.955,7917321718512419,8.525610351562491,0.14420148707879,0.104567407130239,0.340452898713344,0.0021168292925762,0.0512627463842601,1.51421003003343,2.15681139863264,0.589137183813361,0.190850006554634,0.335532830607855,0.0656884371643593,0.0512627463842601,3.11577893432927,4.34825013885374,0.14420148707879,0.104567407130239,0.68809809460887,0.0061306987911416,0.0512627463842601,0.994260433993301,-3.3539897048604392,2.747494538011728,4.3733512771795935,1.0,0.0,1.0,0.0,0.0,0.0,0.0,0.0,0.0,0.0,0.0,0.0,1.0,0.0
74.2,76.931,0.772,636626169368487,69.4285,0.777926580715887,0.0009373569900517,0.246512565025729,0.118769918559108,0.0686440813940758,1.2967433660225,2.50953386870735,0.442609515943989,0.0222665324421519,0.172701352242342,0.195614280869685,0.0686440813940758,1.45053098015966,2.3523667430519,0.777926580715887,0.0102567407053492,0.22636416456263,0.187576188089276,0.0686440813940758,1.27076775546722,-1.08159898758468,1.4863714302414306,1.8511382059635368,1.0,0.0,0.0,0.0,0.0,0.0,1.0,0.0,0.0,0.0,1.0,0.0,0.0,0.0
63.5,73.38,0.795,15161241954618194,1.38983996582031,0.0399772856354329,0.0058842311950795,0.0915499634148002,0.0600808080803293,0.0011195256117947,7.62068194583408,7.81929375977152,0.446147121205884,0.176773341645518,0.277206632050356,0.101332199024412,0.0011195256117947,6.44116270773825,7.44374152727621,0.0399772856354329,0.0058842311950795,0.137007484392132,1.31468833585365,0.0011195256117947,1.49867686268809,-5.94506466458812,4.7034182798770185,4.966875590462378,0.0,1.0,0.0,0.0,0.0,0.0,0.0,0.0,1.0,0.0,0.0,0.0,1.0,0.0
71.4,76.505,0.738,4408371592275959,11.5652001953125,0.331083795690745,0.0748623401685643,0.135966357566805,0.0633086456230088,0.0242506107166803,0.87320563891249,1.50267738867829,0.586134481497113,0.0621744592850291,0.240719542063736,0.0684242874684186,0.0242506107166803,1.04267623397944,2.02437961501041,0.331083795690745,0.0748623401685643,0.0335324707274152,0.221814651708267,0.0242506107166803,0.685543869011671,-1.3388357459987388,1.2791287891661172,2.9529541529251806,1.0,0.0,0.0,1.0,0.0,0.0,0.0,0.0,0.0,0.0,1.0,0.0,0.0,0.0
70.4,77.437,0.817,1518093828255958,82.3401015625,0.662302542038619,0.0867871547930788,0.215395532827223,0.0263909535521746,0.0336484545899912,1.75300216013424,2.77752679793533,0.769736494459837,0.167141099186983,0.320367190642243,0.0315541881778962,0.0336484545899912,2.02277608029631,3.34522350735326,0.662302542038619,0.0867871547930788,0.482529558542926,0.0393771004924431,0.0336484545899912,1.30464481045706,-2.0405786968962003,2.113720007217521,2.5640875436290727,1.0,0.0,0.0,0.0,0.0,1.0,0.0,0.0,0.0,0.0,1.0,0.0,0.0,0.0
61.1,68.073,0.71,7647951724840672,5.85089990234375,0.365679135367983,0.508856369075197,0.0006446033443274,0.0033815561021334,0.0606409343760025,4.14058566574522,5.07978826401086,0.430756658621419,0.394893634581083,0.0267565251937915,0.0049506988582504,0.0606409343760025,3.97890944841757,4.89690790004812,0.365679135367983,1.73275022596252,0.0130230501454486,0.113192738501504,0.0606409343760025,2.28528608435346,-2.61162181569466,3.094170592512282,2.142798634085905,1.0,0.0,0.0,0.0,0.0,1.0,0.0,0.0,0.0,0.0,0.0,1.0,0.0,0.0
75.5,71.5827,0.774,2960706282416397,44.2461992187498,1.93144276823067,0.0056474399702548,0.232153503788996,0.0025939269521236,0.0843714180652981,1.53921191287706,3.7954209698844,0.634455902528195,0.01209262631067,0.190819759125839,0.0618532292643202,0.0843714180652981,1.43917995457233,2.42277288986665,1.93144276823067,0.138468017841144,0.429617285691444,0.154235642855201,0.0843714180652981,2.73813513268375,0.3153622428171001,1.530858407218098,0.8848259024718033,0.0,1.0,1.0,0.0,0.0,0.0,0.0,0.0,0.0,0.0,0.0,1.0,0.0,0.0
70.2,77.814,0.889,413250601823972,9.6309599609375,0.0195332487015126,0.0011401061246822,0.0007380535539121,0.13832113831898,0.0,6.41942020588948,6.57915275258855,0.916149624732092,0.553406103946956,0.409130524414654,0.277738017252399,0.0,5.93979437430913,8.09621864465523,0.0195332487015126,0.0011401061246822,0.0607453769246941,0.43579148972918,0.0,0.517210221480069,-7.57900842317516,5.115693852562694,15.65363233055753,1.0,0.0,0.0,0.0,0.0,1.0,0.0,0.0,0.0,0.0,0.0,0.0,1.0,0.0
80.0,81.2561,0.928,4289435426799058,67.141703125,0.397248596557071,0.102704468272701,0.103554521028872,0.0938114808217451,0.12623625833097,1.84754565980677,2.67110098481813,0.698640581645324,0.25519311018372,0.443343061302733,0.0835617283115779,0.12623625833097,2.57234903846554,4.17932377823987,0.397248596557071,0.102704468272701,0.116913489984732,0.284563164630035,0.12623625833097,1.02766597777551,-3.15165780046436,2.640756370175975,4.066811462695741,1.0,0.0,0.0,0.0,0.0,0.0,0.0,1.0,0.0,0.0,0.0,0.0,1.0,0.0
76.0,78.639,0.925,547239954019615,327.096,1.25749727963252,0.251620706851246,0.915305077866832,0.098262233481241,0.0723059299494698,5.22836359817431,7.82335482595562,0.937991649464075,0.289092388746546,0.921738066049949,0.127889753009215,0.0723059299494698,5.77336533764403,8.12238312486328,1.25749727963251,0.251620706851246,1.48439474272712,0.32008382590128,0.0723059299494698,3.38590248506163,-4.73648063980165,5.132226196417338,2.398882767799332,1.0,0.0,0.0,0.0,0.0,0.0,0.0,0.0,0.0,1.0,0.0,0.0,1.0,0.0
69.8,71.573,0.717,24086100554167856,32.47619921875,0.364525481064564,0.164675768301137,0.000492397548877,0.0058120856554621,0.0637246068096725,1.18653412151283,1.78576446089254,0.446585630188258,0.1644652535705,0.0885336448560788,0.0071247826848828,0.0637246068096725,1.26793293411472,2.03836685222411,0.364525481064564,0.164675768301137,0.0564117391028437,0.0093927914343504,0.0637246068096725,0.658730386712568,-1.3796364655115418,1.2879667944830435,3.094387162548698,1.0,0.0,0.0,0.0,0.0,1.0,0.0,0.0,0.0,0.0,0.0,1.0,0.0,0.0
72.8,75.317,0.7,1967638624327549,95.546,0.525034705757987,0.0035740239581283,0.350116283101886,0.0925549961031576,0.0914840412998475,0.956974058384008,2.01973810860501,0.513525211165648,0.0273435477563489,0.425155435316372,0.0742445152417002,0.0914840412998475,1.14039291870685,2.27214566948676,0.525034705757987,0.0090053323623754,0.159298644955257,0.153510885168599,0.0914840412998475,0.938333609544066,-1.333812059942694,1.435682772869994,2.421468917212493,1.0,0.0,0.0,0.0,0.0,0.0,1.0,0.0,0.0,0.0,0.0,1.0,0.0,0.0
