Country,SDGi,Life Expectancy,HDI,Per Capita GDP,Population (millions),Cropland_Footprint_Production,Grazing_Footprint_Production,Forest_Footprint_Production,Fish_Footprint_Production,BuiltUp_Footprint_Production,Carbon_Footprint_Production,Total_Footprint_Production,Cropland_Footprint_Consumption,Grazing_Footprint_Consumption,Forest_Footprint_Consumption,Fish_Footprint_Consumption,BuiltUp_Footprint_Consumption,Carbon_Footprint_Consumption,Total_Footprint_Consumption,Cropland,Grazing land,Forest land,Fishing ground,BuiltUp_Biocapacity,Total_Biocapacity,Overshoot_Day_DOY,Income Group_LM,Income Group_UM,Income Group_HI,Quality Score_2B,Quality Score_2C,Quality Score_3A,Region_Asia-Pacific,Region_Central America/Caribbean,Region_EU,Region_Middle East/Central Asia,Region_North America,Region_Other Europe,Region_South America
Algeria,70.9,76.693,0.746,4759.830053642441,42.2283984375,0.249653044641197,0.10832919066132,0.0798568994971498,0.0084171093852082,0.037283148604679,1.20064229712231,1.68418168991186,0.64291686791431,0.150201265006895,0.163527534515939,0.013792763402875,0.037283148604679,1.33318713588963,2.34090871533432,0.249653044641197,0.249356357690563,0.0253325060186657,0.0075413695046302,0.037283148604679,0.569166426459735,245.0,0,1,0,0,0,1,0,0,0,0,0,0,0
Argentina,72.8,76.52,0.842,10076.39540623727,44.3611015625,2.20742313125958,0.969692208764631,0.250687823331713,0.174033948422431,0.0927052464559134,1.38153722899213,5.07607958722639,0.908613949053974,0.717146941902389,0.276677713367965,0.0835932195035561,0.0927052464559134,1.23300902757136,3.31174609785516,2.20742313125958,1.7214213629259,0.609912160088308,1.54819429583163,0.0927052464559134,6.17965619656133,173.0,0,1,0,0,0,1,0,0,0,0,0,0,1
Benin,49.9,61.47,0.541,1211.3191118850782,11.4849999999999,0.607541816560887,0.032145828445931,0.239971029286664,0.040518941462872,0.0526068669891117,0.233660366319844,1.20644484906531,0.778173504280193,0.0355927129287684,0.236790878530307,0.106953092506193,0.0526068669891117,0.397322210156711,1.60743926539129,0.607541816560887,0.032145828445931,0.207890885071152,0.0196409844207302,0.0526068669891117,0.919826381487812,358.0,0,0,0,0,0,1,0,0,0,0,0,0,0
Bosnia and Herzegovina,73.7,77.262,0.777,6096.909506752836,3.32392993164062,0.470343415125155,0.196021949173563,0.814962169094614,0.0001397151300833,0.0304861728542268,2.39956390420984,3.91151732558748,0.86458933067101,0.372742174476917,0.635469037125028,0.0253765995725288,0.0304861728542268,1.96356962308562,3.89223293778533,0.470343415125155,0.241145428964578,1.25343493126095,0.003901983009383,0.0304861728542268,1.99931193121429,147.0,0,1,0,0,0,1,0,0,0,0,0,1,0
Chad,40.9,53.977,0.397,812.019863507005,15.4777001953125,0.383660558319339,0.923675469993327,0.228610593824604,0.0105262288559997,0.0583413837311123,0.0373808108540237,1.64219504557841,0.386437962452531,0.917651119858202,0.228765076423924,0.01074532258443,0.0583413837311123,0.0493849958643244,1.65132586091452,0.383660558319339,0.923675469993327,0.280083387216795,0.0584025162223199,0.0583413837311123,1.70416331548289,348.0,0,0,0,0,0,1,0,0,0,0,0,0,0
Denmark,84.9,80.9537,0.939,64671.69684598826,5.7521298828125,1.35691122972354,0.0090361076962198,0.350006813183871,0.572613727471708,0.158076648337212,1.94824709004259,4.39489161645514,0.702308675535776,0.469323949930319,1.06115959522974,0.812304625880033,0.158076648337212,3.45021385881744,6.65338735373052,1.35691122972354,0.0090361076962198,0.3389603160948,1.75530882351399,0.158076648337212,3.61829312536576,85.0,0,0,1,0,0,1,0,0,1,0,0,0,0
Eswatini,53.3,59.401,0.605,4761.590330288579,1.1362800292968702,0.279356724403419,0.401557599901612,1.17450917230864,8.71010605873212e-05,0.069788898712182,0.365782191501997,2.29108168788843,0.4385463766969,0.465571737155513,0.977699148954934,0.0188716092068935,0.069788898712182,0.493417776038449,2.46389554676487,0.279356724403419,0.553812714265285,0.0483056679118953,0.0051324049696667,0.069788898712182,0.956396410262447,233.0,1,0,0,0,0,1,0,0,0,0,0,0,0
Ghana,62.5,63.78,0.606,1808.3286818796112,29.7670996093749,0.753691144062213,0.0594574813946058,0.666246343441352,0.114841555608617,0.0940411993107111,0.205188789757857,1.89346651357536,0.585513633138257,0.0758193425281547,0.675229785717592,0.17823779692443,0.0940411993107111,0.395822774157793,2.00466453177694,0.753691144062213,0.193536041972062,0.207244222819569,0.0512560322480578,0.0940411993107111,1.29976864041261,287.0,1,0,0,0,0,1,0,0,0,0,0,0,0
Guinea,51.0,61.185,0.473,897.1186595473429,12.4142998046874,0.464089244308807,0.483279919747273,0.411296678275782,0.0869638707114626,0.0597939900252902,0.0753526259083825,1.580776328977,0.616641405233667,0.492293943821448,0.412389150618869,0.0856299843252342,0.0597939900252902,0.177267441338108,1.84401591536262,0.464089244308807,0.694660275632091,0.558303022864292,0.281397939959866,0.0597939900252902,2.05824447279035,312.0,0,0,0,0,0,1,0,0,0,0,0,0,0
Indonesia,66.3,71.509,0.712,4296.318988609167,267.67099999999897,0.512430767625054,0.0170728797835669,0.269002078922699,0.261174368242327,0.0611190055269883,0.736910403603627,1.85770950370426,0.498682410337211,0.0427266739927918,0.182644735357864,0.229114552070218,0.0611190055269883,0.702893673580693,1.71718105086577,0.512430767625054,0.0521330967887828,0.269884735010796,0.344678093699608,0.0611190055269883,1.24024569865123,335.0,1,0,0,0,0,1,1,0,0,0,0,0,0
"Iran, Islamic Republic of",70.0,76.479,0.785,6442.526789263397,81.800203125,0.347726614828253,0.0662104009485047,0.0036674843300059,0.185180459043809,0.0722626409460704,2.63645842067815,3.3115060207748,0.561129416618865,0.0959904004205907,0.0482199696039065,0.162093706816245,0.0722626409460704,2.31882858089438,3.25852471530005,0.347726614828253,0.0662104009485047,0.0576213374054003,0.181347044193107,0.0722626409460704,0.725168038321336,176.0,0,1,0,0,0,0,0,0,0,1,0,0,0
Iraq,63.8,70.454,0.671,5463.968804966208,38.4336015624999,0.0795607794435703,0.0160751472616668,0.0022232452601151,0.001545877001117,0.0189125821639658,1.16966057076554,1.28797820189598,0.377793883839003,0.0491718638349949,0.0242881527503608,0.0102363239468494,0.0189125821639658,1.28392824063611,1.76433104717128,0.0795607794435703,0.0160751472616668,0.039578160146324,0.0020482757754881,0.0189125821639658,0.156174944791015,326.0,1,0,0,0,0,0,0,0,0,1,0,0,0
Lao People's Democratic Republic,63.0,67.61,0.609,1785.5813301256514,7.061509765625019,0.744426558258783,0.0828405714786625,0.448903828681297,0.0141008293316803,0.152221588888012,0.861961635848723,2.30445501248716,0.743437508535126,0.242819774473673,0.362939349387282,0.0164409420245198,0.152221588888012,0.322027671003662,1.83988683431227,0.744426558258783,0.11699467057589,0.652271902502841,0.0309699136384695,0.152221588888012,1.696884633864,312.0,1,0,0,0,0,1,1,0,0,0,0,0,0
Mali,52.2,58.893,0.431,778.7259789376953,19.07769921875,0.67191335473751,0.553318598541872,0.144038632064251,0.0116215388033784,0.0974597287697206,0.0933605760409607,1.57171242895769,0.68803259252119,0.476009490762902,0.143437373717179,0.0327100620779628,0.0974597287697206,0.191385348693027,1.62903459654198,0.67191335473751,0.553318598541872,0.514359819173664,0.0382111674108789,0.0974597287697206,1.87526266863365,353.0,0,0,0,0,0,1,0,0,0,0,0,0,0
Myanmar,64.9,66.867,0.579,1573.149750987776,53.70830078125,0.947821970420568,0.0045963315580186,0.325187307501996,0.0621485168861377,0.120208668077518,0.202748540772107,1.66271133521635,0.841386924751773,0.009109125239546,0.338093364419774,0.0457031291014228,0.120208668077518,0.303670266332488,1.65817147792252,0.947821970420568,0.0045963315580186,0.509579777864589,0.280429709930508,0.120208668077518,1.8626364578512,347.0,0,0,0,0,0,1,1,0,0,0,0,0,0
Norway,82.0,82.7585,0.956,91608.03070432124,5.3379599609375,0.155602587684484,0.317249678380616,1.52845679793706,5.51873103749215,0.0273746142005462,2.78304996588163,10.3304646815765,0.829313647704449,0.276929040239885,0.885709248504835,1.15171151776193,0.0273746142005462,2.4978648423053,5.66890291071694,0.155602587684484,0.574952029797569,3.29811853656122,2.85244013229043,0.0273746142005462,6.90848790053425,100.0,0,0,1,0,0,1,0,0,0,0,0,1,0
Papua New Guinea,51.3,64.263,0.549,2397.656518782972,8.60632031250003,0.343028557971803,0.0001539710017297,0.570809842753298,0.997205052982947,0.140351168772164,0.218261877515448,2.26981047099739,0.277845425214197,0.0237227790944533,0.268787589714066,0.793047244422011,0.140351168772164,0.218426180361841,1.72218038757873,0.343028557971803,0.0311254740813242,2.30736796969655,0.604420783500129,0.140351168772164,3.42629395402197,334.0,1,0,0,0,0,0,1,0,0,0,0,0,0
Qatar,66.7,80.1,0.845,63990.1082706583,2.78167993164061,0.0071146081436553,6.5789479186884e-05,0.0006936471418279,0.0758230371754671,0.0491230207212639,11.8103776827719,11.9431977854333,0.706292671221089,0.34224876713946,0.190356804103611,0.159984587146816,0.0491230207212639,12.8229477436623,14.2709535939946,0.0071146081436553,6.5789479186884e-05,0.0,0.86404971828195,0.0491230207212639,0.920353136626056,40.0,0,0,1,0,0,1,0,0,0,1,0,0,0
Slovenia,81.6,81.3781,0.912,26709.658901778537,2.07784008789062,0.247437839952857,0.0603136683844674,1.51254338266769,0.001227969120999,0.0825072922283914,2.37475336222867,4.27878351458307,0.619900471231751,0.192604581194695,1.11926842887018,0.0493406081852661,0.0825072922283914,3.30257934050944,5.36620072221973,0.247437839952856,0.0603136683844674,1.80485867786897,0.0043141063407687,0.0825072922283914,2.19943158477546,106.0,0,0,1,0,0,1,0,0,1,0,0,0,0
Tunisia,71.4,76.505,0.738,4408.371592275959,11.5652001953125,0.331083795690745,0.0748623401685643,0.135966357566805,0.0633086456230088,0.0242506107166803,0.87320563891249,1.50267738867829,0.586134481497113,0.0621744592850291,0.240719542063736,0.0684242874684186,0.0242506107166803,1.04267623397944,2.02437961501041,0.331083795690745,0.0748623401685643,0.0335324707274152,0.221814651708267,0.0242506107166803,0.685543869011671,284.0,0,1,0,0,0,1,0,0,0,0,0,0,0
Uzbekistan,69.8,71.573,0.717,2408.6100554167856,32.47619921875,0.364525481064564,0.164675768301137,0.000492397548877,0.0058120856554621,0.0637246068096725,1.18653412151283,1.78576446089254,0.446585630188258,0.1644652535705,0.0885336448560788,0.0071247826848828,0.0637246068096725,1.26793293411472,2.03836685222411,0.364525481064564,0.164675768301137,0.0564117391028437,0.0093927914343504,0.0637246068096725,0.658730386712568,282.0,1,0,0,0,0,1,0,0,0,1,0,0,0
