Country,Quality Score,SDGi,Life Expectancy,HDI,Per Capita GDP,Region,Income Group,Population (millions),Cropland_Footprint_Production,Grazing_Footprint_Production,Forest_Footprint_Production,Fish_Footprint_Production,BuiltUp_Footprint_Production,Carbon_Footprint_Production,Total_Footprint_Production,Cropland_Footprint_Consumption,Grazing_Footprint_Consumption,Forest_Footprint_Consumption,Fish_Footprint_Consumption,Carbon_Footprint_Consumption,Total_Footprint_Consumption,Grazing land,Forest land,Fishing ground,Total_Biocapacity,Overshoot_Day_DOY,Income_Group_Code,Quality_Score_Code
Afghanistan,3A,53.9,64.486,0.509,564.6173825447371,Middle East/Central Asia,LI,37.171898437499905,0.139392867173196,0.15773983101157,0.0520339273718322,8.39720159434353e-05,0.028433397994101,0.0903031468474439,0.467987142414086,0.269787812494637,0.16509514169904,0.0628786314568386,0.00105956501646205,0.155000802846612,0.68225535150769,0.15773983101157,0.0143768678397281,0.0,0.339942964018595,,0.0,3
Albania,3A,71.0,78.458,0.792,5046.032611084467,Other Europe,UM,2.88273999023438,0.362065114608544,0.19571763859697,0.16317448816675,0.018086733562888,0.0422476200804316,0.639822237735029,1.42111383275061,0.547458323680216,0.195847929009886,0.207561322805762,0.0405949713778016,0.852747856167477,1.88645802312157,0.19571763859697,0.310590492414638,0.0820723594803374,0.992693225180922,305.0,2.0,3
Algeria,3A,70.9,76.693,0.746,4759.830053642441,Africa,UM,42.2283984375,0.249653044641197,0.10832919066132,0.0798568994971498,0.0084171093852082,0.037283148604679,1.20064229712231,1.68418168991186,0.64291686791431,0.150201265006895,0.163527534515939,0.013792763402875,1.33318713588963,2.34090871533432,0.249356357690563,0.0253325060186657,0.00754136950463023,0.569166426459735,245.0,2.0,3
Angola,3A,50.3,,0.582,3233.902767090789,Africa,LM,30.809800781249898,0.21091926669825,0.0545463738396665,0.0865844324850323,0.0788920221943008,0.0464374273660293,0.201849768942,0.679229291525279,0.329742116432915,0.0758528505785264,0.0895366909169708,0.0913829061911503,0.228892681045035,0.861844672530626,0.918249423096492,0.48599972653195,0.175160477233779,1.8367663209265,,1.0,3
Antigua and Barbuda,2B,,76.885,0.772,15134.910089609682,Central America/Caribbean,HI,0.09628600311279299,,,,,,,1.91037279893994,,,,,,4.65509241986169,,,,0.856508776466882,123.0,3.0,1
Argentina,3A,,76.52,0.842,10076.39540623727,South America,UM,44.3611015625,2.20742313125958,0.969692208764631,0.250687823331713,0.174033948422431,0.0927052464559134,1.38153722899213,5.07607958722639,0.908613949053974,0.717146941902389,0.276677713367965,0.0835932195035561,1.23300902757136,3.31174609785516,1.7214213629259,0.609912160088308,1.54819429583163,6.17965619656133,173.0,2.0,3
Armenia,3A,71.8,74.945,0.771,4406.741763360718,Middle East/Central Asia,LM,2.95175,,,,,,,1.25129321611811,,,,,,1.90039211653785,,,,0.616116456142707,302.0,1.0,3
Australia,3A,75.6,82.7488,0.943,57032.23705153124,Asia-Pacific,HI,24.89819921875,1.92115791758873,2.41325481658602,0.984092570621241,0.0413691723629151,0.0408703540405788,5.44593930426768,10.8466841354672,0.765994859572182,0.522429083886807,0.947138881586788,0.112822069917975,4.69678370165206,7.08603895065639,4.61339332792159,1.95952920630635,2.93674339815278,11.47169420401,80.0,3.0,3
Austria,3A,82.1,81.6927,0.921,49711.01452939631,EU,HI,8.89138964843749,0.51906870070478,0.144925246547453,1.31108456006782,5.99368427143614e-05,0.131240905009873,2.51309583926309,4.61947518843573,0.751800319841326,0.26921436374345,0.919378383696686,0.0563843932985444,3.93644118703882,6.0644595526287,0.144925246547453,1.87749553859898,0.00295564268453639,2.67568603354563,94.0,3.0,3
Azerbaijan,3A,72.4,,0.754,5795.021656642627,Middle East/Central Asia,UM,9.94954003906248,0.435543823790782,0.173177123036226,0.0162266564097313,0.000289619383426397,0.0569118763828352,1.11456573366079,1.79671483266379,0.591934801042851,0.222369954313027,0.127092963845586,0.0102198615105309,1.05154532053179,2.06007477762662,0.173177123036226,0.107072789619193,0.0144557418774481,0.787161354706485,279.0,2.0,3
Bahamas,3A,,73.752,0.812,28845.521021436787,Central America/Caribbean,HI,0.385636993408203,,,,,,,1.92310528995575,,,,,,4.28452598409871,,,,9.17538369712026,133.0,3.0,3
Bahrain,3A,,77.163,0.852,21477.9706577012,Middle East/Central Asia,HI,1.56944995117187,0.00686045557958919,0.0,0.00174295200877439,0.0265718555044115,0.0693809794524034,7.18705485177368,7.29161109431885,0.590591676953265,0.30791473732531,0.219729537524482,0.0802372604991535,6.90503391399013,8.17288810574474,0.0,0.00077537037049437,0.388243105536235,0.465259910938722,69.0,3.0,3
Bangladesh,3A,63.5,72.32,0.625,1202.1539624605737,Asia-Pacific,LI,161.377,0.273862594835575,0.00319794563405955,0.0619307171747321,0.0217608817386625,0.0814558435756814,0.191779705593373,0.633987688552084,0.385748167749737,0.00544017943188014,0.08178511062609,0.0270048400266276,0.322460085927038,0.903894227337054,0.00319794563405955,0.00512813145574539,0.0512234233030412,0.414867938804102,,0.0,3
Barbados,3A,68.4,79.081,0.81,16136.910427427769,Central America/Caribbean,HI,0.286640991210937,0.0674199932807721,0.00316159287915277,0.0207653360937968,0.0723319367053496,0.054271660452771,1.68619989634865,1.90415041576049,0.575687410582073,0.283128381081388,0.128745080231165,0.272113331588847,2.65570920478227,3.96965506871852,0.00316159287915277,0.0182733834526564,0.0430394819701271,0.186166112035479,144.0,3.0,3
Belarus,3A,78.8,74.1756,0.823,6607.808123636349,Other Europe,UM,9.452620117187509,0.854818813263575,0.249903134506054,1.68479136889059,0.000351119286940541,0.0497615235398288,2.26310219307781,5.10272815256479,0.713218301851431,0.124496003217662,1.31742152829632,0.0713461303252274,2.12673536259474,4.4029788498252,0.249903134506054,1.68508489987914,0.0178146001387219,2.85738297132732,130.0,2.0,3
Belgium,3A,82.2,81.5951,0.93,46768.040172233705,EU,HI,11.4822001953124,0.290762899376203,0.0332169341285414,0.290377779403455,0.0139428819875017,0.133779703541772,2.8946679469227,3.65674814536017,1.10036583034798,0.408781675993326,0.564127271155203,0.094978505365771,4.56360066841408,6.86563365481813,0.0332169341285414,0.262285129854447,0.0418560574867168,0.76190072438768,83.0,3.0,3
Belize,2A,64.4,74.496,0.714,4217.2076175280645,Central America/Caribbean,UM,0.38307101440429603,0.508001299126198,0.194245822829467,0.198326909161879,5.20430664097156,0.000522416858660702,0.376702381498338,6.4821054704461,0.507990847104286,0.274985047933845,0.303776999593317,5.14439286318242,1.64079204470191,7.87246021937444,0.194245822829467,1.87507000648132,0.936025179782358,3.51386472507801,72.0,2.0,2
Benin,3A,49.9,61.47,0.541,1211.3191118850782,Africa,LI,11.4849999999999,0.607541816560887,0.032145828445931,0.239971029286664,0.040518941462872,0.0526068669891117,0.233660366319844,1.20644484906531,0.778173504280193,0.0355927129287684,0.236790878530307,0.106953092506193,0.397322210156711,1.60743926539129,0.032145828445931,0.207890885071152,0.0196409844207302,0.919826381487812,358.0,0.0,3
Bhutan,3A,70.0,71.46,0.649,3128.854115484657,Asia-Pacific,LM,0.754388000488281,0.223886749884971,0.302771717352749,2.73283772233651,2.40487189918628e-06,0.21432925287391,0.796209315534089,4.27003716285413,0.541126600779743,0.379141701240141,2.79280963330095,0.0292221673926583,1.20214028284362,5.15876963843102,0.339840183186475,4.18732008696396,0.0120790156754583,4.97745528858478,110.0,1.0,3
Bolivia,3A,67.6,71.239,0.714,2559.5212761107537,South America,LM,11.353099609375,0.639294965255619,1.6154630861801,0.172084704982988,0.000992459359729189,0.0647496127742872,0.69736534105786,3.18995016961059,0.476111574976585,1.60714177291152,0.201783008850206,0.00949431531915063,0.749221758143257,3.108502042975,2.01286303803475,11.4796501125486,0.0490563479913365,14.2456140766046,184.0,1.0,3
Bosnia and Herzegovina,3A,73.7,77.262,0.777,6096.909506752836,Other Europe,UM,3.32392993164062,0.470343415125155,0.196021949173563,0.814962169094614,0.000139715130083362,0.0304861728542268,2.39956390420984,3.91151732558748,0.86458933067101,0.372742174476917,0.635469037125028,0.0253765995725288,1.96356962308562,3.89223293778533,0.241145428964578,1.25343493126095,0.00390198300938302,1.99931193121429,147.0,2.0,3
Botswana,3A,61.9,69.275,,,Africa,UM,2.2540700683593697,0.0592313268296719,0.538885540726896,0.149347306597951,7.34572613387683e-06,0.0291931660293772,1.10666601150826,1.88333069741829,0.304045374939349,0.0783634110896576,0.219298397450064,0.00948762262901448,1.72886788445757,2.36925585659503,2.21145337245773,0.759826421409103,0.24255495721767,3.30225924394356,242.0,2.0,3
Brazil,3A,71.3,75.672,0.762,11075.624555423476,South America,UM,209.469,1.17864683102796,0.81908964233782,0.745900822677967,0.0314743103959618,0.128556159500955,0.73037163362522,3.63403939956588,0.593462963790421,0.656062245538357,0.465568715265041,0.0409532931520262,0.703355807848312,2.58795918509511,0.81908964233782,6.32165367069396,0.161414176754917,8.60936048031561,222.0,2.0,3
Brunei Darussalam,3A,68.3,75.722,0.836,31436.74303121887,Asia-Pacific,HI,0.42896301269531195,0.0151836835484413,0.0105423539844249,0.138670408965837,0.252558802890595,0.0218599498112835,5.77186152775402,6.2106767269546,0.520176432497796,0.287176006038259,0.202323039263345,0.417119471675245,3.96671404844111,5.41536894772703,0.0105423539844249,1.46909184475751,1.19557712723477,2.71225495933643,105.0,3.0,3
Bulgaria,2A,73.8,74.9634,,,EU,UM,7.05160986328126,1.71355072899917,0.083753514973288,0.514531799738471,0.00266817675226045,0.171560419203059,2.1058242585757,4.59188889824195,0.706830982965451,0.179062758076897,0.462172255959698,0.0370032196849953,2.06444024317878,3.62106987906888,0.0903820561282427,1.17810545420681,0.12270374230178,3.27630240083906,158.0,2.0,2
Burkina Faso,3A,53.5,61.174,0.443,800.3139002101107,Africa,LI,19.7515,0.548195216431469,0.141871592283444,0.31214920623696,0.00417689357470588,0.0715640973132055,0.078631535911159,1.15658854175094,0.498846401712048,0.141710294635151,0.313284145570886,0.0467893914882404,0.189091874863153,1.26128620558268,0.141871592283444,0.236016066298135,0.00114413669435352,0.998791109020606,,0.0,3
Burundi,3A,51.8,61.247,0.431,210.8040801809937,Africa,LI,11.1754003906249,0.400638268090781,0.0582137342359947,0.241266724280077,0.00157278522872648,0.0710949370455026,0.0150073512097011,0.787793800090782,0.412325453206913,0.0590846360057628,0.242643091547767,0.00318456582439277,0.045127633789812,0.83346031742015,0.0582137342359947,0.00844721182283496,0.00701231918472567,0.545406470379839,,0.0,3
Cabo Verde,2B,68.1,72.782,0.663,3740.0024132685367,Africa,LM,0.5437670288085931,,,,,,,1.60858089824442,,,,,,1.83415222311775,,,,0.474331615937812,313.0,1.0,1
Cambodia,2B,64.5,69.57,0.585,1202.624046750576,Asia-Pacific,LI,16.2497998046875,,,,,,,1.31457309109297,,,,,,1.50140806941894,,,,1.19559415479015,,0.0,1
Cameroon,3A,55.3,58.921,0.56,1502.1672024219145,Africa,LM,25.2163007812501,,,,,,,1.12723533275684,,,,,,1.21383126104417,,,,1.59405657674073,,1.0,3
Canada,3A,79.2,82.0488,0.928,51517.74852603988,North America,HI,37.0746015625,2.75137036019306,0.335031896072699,2.92498446623489,0.176004284262537,0.0904776127663071,5.44632992477602,11.7241985443055,0.893169190417726,0.288667957012874,1.3560737849399,0.146312491536123,5.29034866968159,8.06504970635452,0.335031896072699,8.33169749146138,3.22803473338729,14.7366120938807,70.0,3.0,3
Central African Republic,3A,38.3,52.805,0.395,379.36553585401447,Africa,LI,4.66637011718751,0.295875144563285,0.551184166247712,0.287267629621589,0.00946268266347546,0.0381276054583879,0.0265234098929468,1.2084406384474,0.316095053190077,0.537719996802984,0.259781213502962,0.0172378653905667,0.0348672180985765,1.20382895244355,0.551184166247712,6.62300119752983,0.0,7.50818811379922,,0.0,3
Chad,3A,40.9,53.977,0.397,812.019863507005,Africa,LI,15.4777001953125,,,,,,,1.64219504557841,,,,,,1.65132586091452,,,,1.70416331548289,348.0,0.0,3
Chile,3A,77.1,80.042,0.849,15110.096096190044,South America,UM,18.72919921875,0.325363403692681,0.198512049307949,2.08815552813808,0.359350555441888,0.116853293514952,1.6654790392317,4.75371386932725,0.601555196263652,0.419376315899883,1.08750933366462,0.172755477858862,1.89515672650994,4.2932063437119,0.4178462461928,2.12094205846502,0.354819635321136,3.33582463718659,133.0,2.0,3
China,3A,,76.704,0.755,7468.925159999503,Asia-Pacific,UM,1459.3799999999899,0.454208228129585,0.0991133741128563,0.12852887208319,0.0636809865586295,0.107280341174366,2.59962139077406,3.45243319283268,0.569592307296371,0.144927292980504,0.223991873302627,0.071745852205007,2.67919568107786,3.79673334803674,0.0991133741128563,0.221132844336468,0.0416626457918015,0.923397433545077,151.0,2.0,3
Colombia,3A,70.6,77.109,0.764,7692.152795956616,South America,UM,49.660999999999795,0.249719606972251,0.629378278604399,0.0835005081236358,0.0230283083237306,0.0362214590642186,0.529525587879931,1.55137374896817,0.380052458649219,0.613313435371718,0.114432191260665,0.0408992268272754,0.67170918514361,1.85662795631671,1.09914159302959,1.98830071671341,0.0657033736431025,3.43908674942258,310.0,2.0,3
Comoros,2B,,64.118,0.552,1402.7383270693822,Africa,LI,0.8323220214843761,,,,,,,0.889176856266902,,,,,,1.19337515186407,,,,0.352037535962415,,0.0,1
Congo,3A,52.9,64.29,0.573,2303.979954655527,Africa,LM,5.24435986328125,,,,,,,0.940286261541616,,,,,,1.02807457935432,,,,8.7776089517278,,1.0,3
"Congo, Democratic Republic of",3A,49.3,60.368,0.478,418.9888833615827,Africa,LI,84.0681015625,0.208885570147107,0.00835102484398185,0.422197690737425,0.00529529691478538,0.0608518219872606,0.00927517378275823,0.714856578413318,0.224335307895646,0.0100739821946191,0.421817933473999,0.0159806977985287,0.0489688611183723,0.782028604468426,0.250075268433282,1.6036486078802,0.0360784258997131,2.15953969434756,,0.0,3
Costa Rica,3A,73.6,,0.808,9936.593014862094,Central America/Caribbean,UM,4.99943994140626,0.362838022539974,0.271990943710331,0.429596456559841,0.0461857866293961,0.089595767700434,0.558865304963722,1.7590722821037,0.378971683092413,0.206490981225081,0.661118263842796,0.0981642294746287,1.01190618035693,2.44624710569229,0.271990943710331,0.663899096578462,0.114140529697404,1.50246436022661,235.0,2.0,3
Côte d'Ivoire,3A,57.6,57.422,0.534,1667.9431853860758,Africa,LM,25.06919921875,1.07573300978485,0.0186592773159155,0.2052249708808,0.0419329571277421,0.110831564227826,0.15120394875043,1.60358572808756,0.573612921124124,0.0444125176857928,0.215035431115164,0.189740969021868,0.262749440538295,1.39638284371307,0.460986541447211,0.108047998259597,0.0328941626820584,1.78849327640154,,1.0,3
Croatia,3A,80.4,78.0707,0.848,15707.704151177855,Other Europe,HI,4.156399902343741,0.707251724369652,0.0328763898856869,0.772826226064721,0.0471763609481186,0.0779440821191596,1.43189277206336,3.0699675554507,0.621641785924113,0.178736183528962,0.648162337678429,0.0780686859205364,2.27631149753694,3.88086457270814,0.139069745841961,1.56322944073422,0.344997389728195,2.83249238279318,147.0,3.0,3
Cuba,3A,73.7,78.726,0.781,6816.918413390201,Central America/Caribbean,UM,11.338099609374899,,,,,,,1.25655303561614,,,,,,1.76110462900539,,,,0.768483504663401,327.0,2.0,3
Cyprus,2B,74.9,80.828,0.885,23394.93936874519,EU,HI,1.18927001953125,,,,,,,2.0992040652454,,,,,,3.85016788334156,,,,0.205836195259047,149.0,3.0,1
Czech Republic,3A,81.4,79.0293,0.898,23720.8992721539,EU,HI,10.6657001953125,0.852452413995418,0.0783050962092146,1.54531997460859,0.0014894260502505,0.123454604833586,3.3420830422821,5.94310455797916,0.656119263637913,0.329684497469213,1.07574302706189,0.0391080339773337,3.49352351751608,5.71763294449601,0.0783050962092146,1.27301728354201,0.00199576675165565,2.32922516533189,100.0,3.0,3
Denmark,3A,84.9,80.9537,0.939,64671.69684598826,EU,HI,5.7521298828125,1.35691122972354,0.00903610769621985,0.350006813183871,0.572613727471708,0.158076648337212,1.94824709004259,4.39489161645514,0.702308675535776,0.469323949930319,1.06115959522974,0.812304625880033,3.45021385881744,6.65338735373052,0.00903610769621985,0.3389603160948,1.75530882351399,3.61829312536576,85.0,3.0,3
Djibouti,2A,53.8,66.582,0.518,,Africa,LM,0.958922973632809,0.016971697422391,0.208936671086637,0.157164626598094,0.0245136441557069,0.215456551427915,0.284709055691553,0.907752246382297,1.49324711582379,0.0,0.300297708510985,0.0335568338880457,0.395830036218774,2.43838824586951,0.208936671086637,0.00198551221719291,0.270715061040397,0.714065493194533,235.0,1.0,2
Dominica,2B,,,0.738,6696.54450261782,Central America/Caribbean,UM,0.0716249999999998,,,,,,,1.31845819580782,,,,,,2.45839865678177,,,,1.14067533755465,233.0,2.0,1
Dominican Republic,3A,70.8,73.892,0.751,7697.772958468685,Central America/Caribbean,UM,10.627099609375,0.307819792152998,0.107435401662159,0.0392613135665177,0.0109438901663187,0.0630008674608571,0.80020515159139,1.32866641660024,0.393476427067286,0.132922539461622,0.126868032757952,0.0406763075602929,1.01189961082139,1.7688437851294,0.107435401662159,0.166033509327343,0.0235026372228648,0.667792207826222,325.0,2.0,3
Ecuador,2B,72.5,76.8,0.762,5180.585679118625,South America,UM,17.0844003906249,,,,,,,2.26600109126402,,,,,,1.70246786871039,,,,1.88578879006471,338.0,2.0,1
Egypt,2B,68.6,71.825,0.701,2905.807097684674,Africa,LM,98.4236015624997,,,,,,,1.30928931544227,,,,,,1.83631018042192,,,,0.365710103148648,313.0,1.0,1
El Salvador,3A,,73.096,0.67,3507.051356928708,Central America/Caribbean,LM,6.42075,0.210416397591599,0.0993453720943967,0.31652133667243,0.196585891950582,0.0423998833979744,0.356047199796689,1.22131608150367,0.440008725259715,0.192994300323537,0.419115179081467,0.142865894400577,0.790651992446812,2.02803597491008,0.139388773881586,0.0875673373790947,0.109250647230487,0.589023039480741,283.0,1.0,3
Equatorial Guinea,2A,,58.402,0.582,10134.6862776952,Africa,HI,1.3089699707031202,0.080155406699208,0.00535446170148462,0.817995532367474,0.0144389872333907,0.023078122018467,1.53123486378008,2.4722573738001,0.239755025459284,0.0240664101703325,0.151856723378593,0.0517534361232462,1.53123486378008,2.02174458093,0.0825295825433881,2.60265053025836,0.567965660378267,3.35637930189769,284.0,3.0,2
Eritrea,3A,,65.941,,,Africa,LI,3.4527900390625,0.13422458235707,0.327680453481118,0.113810918605388,0.0293345386692777,0.0432377727574596,0.0837019997363171,0.731990265606631,0.213612073866541,0.328630877517758,0.116327979944918,0.0291538330320609,0.0837019997363171,0.814664536855055,0.327680453481118,0.103791010676952,1.64564456009012,2.25457837936272,,0.0,3
Estonia,3A,81.6,78.2439,0.889,19918.66411020177,EU,HI,1.32292004394531,0.892784040385227,0.102397016724005,5.27416373140568,0.251423492361692,0.0824230272526086,3.96309302967456,10.5662843378038,0.293919909586631,0.1636567468534,4.03395260248727,0.0771217234048601,3.35836649650104,8.0094405060858,0.102397016724005,3.98918571442986,4.26499674628266,9.33178654507436,71.0,3.0,3
Eswatini,3A,53.3,59.401,0.605,4761.590330288579,Africa,LM,1.1362800292968702,0.279356724403419,0.401557599901612,1.17450917230864,8.71010605873212e-05,0.069788898712182,0.365782191501997,2.29108168788843,0.4385463766969,0.465571737155513,0.977699148954934,0.0188716092068935,0.493417776038449,2.46389554676487,0.553812714265285,0.0483056679118953,0.00513240496966679,0.956396410262447,233.0,1.0,3
Ethiopia,3A,54.5,66.24,0.478,570.6548011426061,Africa,LI,109.224,,,,,,,0.959136227892913,,,,,,1.02052428088345,,,,0.557953387449338,,0.0,3
Fiji,3A,71.2,67.341,0.742,4794.682114005652,Asia-Pacific,UM,0.883482971191405,0.169387177628517,0.0897540618163508,0.644178579434142,0.527720871210426,0.0258334417164674,0.451843598819424,1.90871773062533,0.427076484824165,0.217241182316632,0.76563240029071,0.534658021263824,0.696886938016122,2.66732846842792,0.0897540618163508,1.40990104205057,0.646921098959677,2.34179682217158,215.0,2.0,3
Finland,3A,,81.7341,0.937,48890.19193573543,EU,HI,5.522580078125,,,,,,,11.8569123388014,,,,,,6.44346417261359,,,,12.1384397861742,88.0,3.0,3
France,3A,81.7,82.7244,0.898,45056.68277020996,EU,HI,65.02919921874991,1.08931925330005,0.157550574269054,0.414529589473104,0.138505104721672,0.151290028007059,1.68127818729352,3.63247273706446,0.791202473815155,0.243761705459732,0.509444271401819,0.217009734699067,2.50832310779487,4.4210313211777,0.157550574269054,0.871603839218341,0.110223214646119,2.37998690944062,129.0,3.0,3
French Guiana,2A,,,,,South America,,0.28293798828125,0.0891478769073354,0.0572799482932157,0.38122467665326,0.0694966263646055,0.00505190706870232,0.733013175499661,1.33521421078678,0.0891478769073354,0.0572799482932157,0.372336956642109,0.0694966263646055,1.28510463972094,1.8784179549969,0.0665290670416346,78.2455195397996,13.7336719871432,92.1399203779605,306.0,,2
French Polynesia,2B,,77.462,,,Asia-Pacific,HI,0.27767898559570303,,,,,,,2.12409540162839,,,,,,3.995740717582,,,,1.30575229662656,143.0,3.0,1
Gabon,2A,62.8,66.187,0.697,9051.324193338469,Africa,UM,2.1192700195312404,0.242869621547223,0.0217122577459441,0.856456057362275,0.0620027622003889,0.0406322334051858,0.40567187385137,1.62934480611239,0.501665026381524,0.1281425970747,0.543314425803068,0.157832837610789,0.581752217259872,1.95333933753514,1.02046448543861,15.3599204371801,2.25934024770724,18.9232270252784,294.0,2.0,2
Gambia,3A,59.3,61.735,0.487,791.4555699285903,Africa,LI,2.28009008789062,0.133736753991931,0.0306666194676948,0.147233753565012,0.0794425224290846,0.0182009413468322,0.0911736082328416,0.500454199033396,0.460530931996108,0.0504737640522236,0.141443537745449,0.0770084967463704,0.293079662260357,1.04073733414734,0.0306666194676948,0.0822608219901389,0.250954227110227,0.515819363906823,,0.0,3
Georgia,2A,,73.6,0.805,4407.485562674211,Middle East/Central Asia,LM,4.00293994140625,0.130682026401163,0.210489357676955,0.0655825450557768,0.193584580337111,0.0473104252717057,0.909794894331921,1.55744382907463,0.39093174390005,0.176733381861698,0.136249524609514,0.194319627426926,1.37436387226451,2.3199085753344,0.395360674550824,0.641233755653081,0.0490383202985073,1.26362520217528,248.0,1.0,2
Germany,3A,82.5,80.8927,0.946,47158.2360135501,EU,HI,83.1243984375,0.532445130529998,0.0815395124714201,0.542859069624617,0.0262644462942426,0.128824170125022,2.97048729469038,4.28241962373568,0.692994815385752,0.187526154235117,0.577515299752377,0.0435067668082716,3.04197061500531,4.67233782131185,0.0815395124714201,0.678891103161953,0.072217659671122,1.49391757595952,122.0,3.0,3
Ghana,3A,62.5,63.78,0.606,1808.3286818796112,Africa,LM,29.7670996093749,0.753691144062213,0.0594574813946058,0.666246343441352,0.114841555608617,0.0940411993107111,0.205188789757857,1.89346651357536,0.585513633138257,0.0758193425281547,0.675229785717592,0.17823779692443,0.395822774157793,2.00466453177694,0.193536041972062,0.207244222819569,0.0512560322480578,1.29976864041261,287.0,1.0,3
Greece,3A,75.4,81.7878,0.881,24044.400914621503,EU,HI,10.522200195312399,0.567387697795017,0.149852671477182,0.0657905439211601,0.044834693861003,0.0495053821767249,2.14409320297924,3.02146419221033,0.702938900865339,0.377461489081312,0.302572964255066,0.101197553545938,2.56537900786244,4.09905529778682,0.149852671477182,0.219358909521666,0.182108479778591,1.16821314074918,139.0,3.0,3
Grenada,2B,,72.384,0.773,9091.732718056886,Central America/Caribbean,UM,0.11145400238037,,,,,,,1.69506994341453,,,,,,2.53614198227368,,,,2.09815339547306,226.0,2.0,1
Guadeloupe,2B,,,,,Central America/Caribbean,,0.39984799194335796,,,,,,,2.11442702754376,,,,,,3.61729827220633,,,,0.514995006638606,158.0,,1
Guatemala,3A,59.9,74.063,0.657,3164.1773169903868,Central America/Caribbean,LM,17.2478007812499,0.414234621941605,0.139119143408031,0.483459840046466,0.0217511493748833,0.0857631772816232,0.358558011250914,1.50288594330352,0.413515325000872,0.160352894683445,0.570213142460602,0.026855815455544,0.56313201426949,1.81983236915158,0.139119143408031,0.284525304683913,0.0408783790628533,0.964520626378026,316.0,1.0,3
Guinea,3A,51.0,61.185,0.473,897.1186595473429,Africa,LI,12.4142998046874,0.464089244308807,0.483279919747273,0.411296678275782,0.0869638707114626,0.0597939900252902,0.0753526259083825,1.580776328977,0.616641405233667,0.492293943821448,0.412389150618869,0.0856299843252342,0.177267441338108,1.84401591536262,0.694660275632091,0.558303022864292,0.281397939959866,2.05824447279035,312.0,0.0,3
Guinea-Bissau,3A,,58.003,0.472,622.6911218028902,Africa,LI,1.8743000488281298,,,,,,,1.48309229271085,,,,,,1.4670419397543,,,,2.66585782848905,,0.0,3
Guyana,3A,57.9,69.774,0.68,5825.025876670446,South America,LM,0.7790059814453121,1.00783811923202,0.056442320758971,0.677808707796486,0.0693988241224727,0.0872455450888413,1.06256717597343,2.96130069297222,0.884313395269742,0.0900715909300995,0.577209865656614,0.0391443642281447,1.7291918207511,3.40717658192454,0.977860852204674,65.4043823188789,5.22589270784887,72.7032195432533,168.0,1.0,3
Haiti,3A,51.4,63.66,0.508,1282.238901535785,Central America/Caribbean,LI,11.1232001953124,0.154639544085188,0.0296672813779617,0.0867621483390944,0.00240671423294204,0.0248390047344574,0.104943041540918,0.403257734310562,0.325674009667987,0.0398745751142931,0.0982110488516714,0.0197515620927035,0.128987739490481,0.637337939951594,0.0296672813779617,0.0264241453739337,0.010995747739112,0.246565723310653,,0.0,3
Honduras,2B,62.8,75.088,0.633,2219.437460402829,Central America/Caribbean,LM,9.58751953124999,,,,,,,1.37107324839205,,,,,,1.57455470561186,,,,1.73681577038937,,1.0,1
Hungary,2A,,76.0659,0.85,16894.15400463559,EU,HI,9.7075,1.5798867827475,0.0230807078320014,0.326661695866919,0.00213453369680489,0.178949176324124,1.74200067504029,3.85271357150763,0.741274263789322,0.0767484277183756,0.439703054272428,0.0252703419712487,2.40392448542949,3.86586974950499,0.0831310680311197,0.723008287231122,0.00666840349103168,2.5716437178249,148.0,3.0,2
India,3A,60.1,69.416,0.642,2084.8119233498937,Asia-Pacific,LM,1352.64,,,,,,,1.15820195331418,,,,,,1.20955650138726,,,,0.445568305234971,,1.0,3
Indonesia,3A,66.3,71.509,0.712,4296.318988609167,Asia-Pacific,LM,267.67099999999897,0.512430767625054,0.0170728797835669,0.269002078922699,0.261174368242327,0.0611190055269883,0.736910403603627,1.85770950370426,0.498682410337211,0.0427266739927918,0.182644735357864,0.229114552070218,0.702893673580693,1.71718105086577,0.0521330967887828,0.269884735010796,0.344678093699608,1.24024569865123,335.0,1.0,3
"Iran, Islamic Republic of",2A,70.0,76.479,0.785,6442.526789263397,Middle East/Central Asia,UM,81.800203125,,,,,,,3.3115060207748,,,,,,3.25852471530005,,,,0.725168038321336,176.0,2.0,2
Iraq,2A,63.8,70.454,0.671,5463.968804966208,Middle East/Central Asia,LM,38.4336015624999,0.0795607794435703,0.0160751472616668,0.00222324526011514,0.00154587700111708,0.0189125821639658,1.16966057076554,1.28797820189598,0.377793883839003,0.0491718638349949,0.0242881527503608,0.0102363239468494,1.28392824063611,1.76433104717128,0.0160751472616668,0.039578160146324,0.00204827577548811,0.156174944791015,326.0,1.0,2
Ireland,2A,81.0,82.2561,0.951,77406.93104050336,EU,HI,4.81868994140624,0.388757880981797,0.730523137374873,0.496037791897074,0.384090586030775,0.0770595046519892,2.65830882404985,4.73477772498636,0.939299173015885,0.324401160107655,0.594408197939895,0.149722130461269,3.16601151248223,5.25090167865892,0.730523137374873,0.457542213970211,1.41888061255811,3.07276334953698,109.0,3.0,2
Israel,3A,,82.8024,0.916,36866.82335439437,Middle East/Central Asia,HI,8.38151953125,0.102443191656472,0.00607694436082369,0.00215990026933754,0.00107674123733061,0.0343609689929348,2.55307387249955,2.69919161901645,0.72038694872126,0.323882251120545,0.298623285170614,0.0812216582610219,3.20094344521922,4.65941855748559,0.00607694436082369,0.0256753947850715,0.014640234032181,0.183196733827483,122.0,3.0,3
Italy,3A,78.8,83.3463,0.89,35277.49798672804,EU,HI,60.6618984374998,,,,,,,2.43003882472254,,,,,,4.3105326210994,,,,0.821470867763227,133.0,3.0,3
Jamaica,3A,69.0,74.368,0.734,4855.273532157433,Central America/Caribbean,UM,2.9348500976562404,0.111248232544828,0.0,0.101302674997861,0.0062027830175142,0.0331781543225395,0.999181924297829,1.25111376918057,0.423745728719369,0.0833046521617368,0.176773950271544,0.0902684075688711,0.826584922653549,1.63385581569761,0.0,0.166891630685438,0.107362413274779,0.418680430827583,352.0,2.0,3
Japan,3A,79.8,84.211,0.917,48505.52664266323,Asia-Pacific,HI,127.201999999999,0.084842001953366,3.06992960134644e-05,0.144963165745261,0.164612138452511,0.0604903805222902,3.11011018147148,3.56504856744092,0.439604144787847,0.122229939378897,0.226045669374949,0.25903895801731,3.50028329391802,4.60769238599932,0.00745216834716065,0.339437266189007,0.0998715654057646,0.592093382417589,124.0,3.0,3
Jordan,3A,70.1,74.405,0.728,3306.657384476317,Middle East/Central Asia,UM,9.96532031250001,0.0545734951416523,0.012390493703575,0.0140672977215586,0.000616064019211692,0.0636100201907004,0.851309767484133,0.996567138260831,0.434926051134579,0.126572177629127,0.130518294448979,0.0235078997103074,0.97792141695212,1.75705586006581,0.012390493703575,0.0180395661875549,0.00203799486173356,0.150651570085216,327.0,2.0,3
Kazakhstan,3A,71.6,73.15,0.819,11135.61455216547,Middle East/Central Asia,UM,18.3195996093749,1.55737675312407,0.144391019140332,0.0102532953958435,0.0170180621441883,0.0493961184129718,4.09818642119953,5.87662166941693,0.919087105094547,0.164912577360605,0.0608458234635856,0.0231055203637727,3.73353856803203,4.95088571272752,1.70341463283867,0.214119940761096,0.0501424254687294,3.57444987060554,115.0,2.0,3
Kenya,3A,,,0.599,1201.4764406294476,Africa,LI,51.3926015625001,0.200280858070097,0.198417670241365,0.207674831785353,0.0221505535631341,0.0427313305917708,0.120487796705335,0.791743040957056,0.267125721225488,0.196572059026968,0.227498934955525,0.0246606657851746,0.243520382453897,1.00210909403882,0.198417670241365,0.0116526018514349,0.0155969537112641,0.468679414465933,,0.0,3
"Korea, Democratic People's Republic of",3A,,72.095,,,Asia-Pacific,LI,25.5495996093751,0.193831975575208,0.00143971180095984,0.13279125243567,0.0168920859520263,0.0477175243383304,0.710350612566448,1.10302316266864,0.243554203297658,0.00200036636544229,0.135266041885526,0.0272985624051094,0.710350612566448,1.16618731085851,0.00143971180095984,0.223357152986147,0.0914463555436791,0.557792720244324,,0.0,3
"Korea, Republic of",3A,78.6,82.6268,0.914,28335.97519991481,Asia-Pacific,HI,51.17169921875,0.115833907308939,0.000841145420109955,0.0599839537485426,0.313474646364342,0.0547925581804023,4.34070986775819,4.88563607878052,0.68825127818487,0.184888534583546,0.226605059766932,0.429459812458174,4.73282258856045,6.31681983173438,0.000841145420109955,0.0885727824549463,0.383698925082458,0.643739318446856,90.0,3.0,3
Kuwait,3A,62.5,75.398,0.807,33113.30261927857,Middle East/Central Asia,HI,4.13731005859375,0.0215119356978849,0.00548629660799952,0.00186391777764819,0.00332985973999889,0.18029306824404,7.71846049506138,7.93094557312895,0.670340624555402,0.277363050333027,0.20400116984755,0.0858712381246156,6.48186084723686,7.8997299983415,0.00548629660799952,0.00278531735211414,0.291276846843924,0.501353464745963,72.0,3.0,3
Kyrgyzstan,2A,74.0,71.4,0.696,1094.1160234110562,Middle East/Central Asia,LI,6.3040297851562395,0.424917988006255,0.210791164976903,0.0032156275348025,1.81900380265432e-06,0.0837496266562634,0.599923418717489,1.32259964489552,0.446365358581639,0.175179102941503,0.0456600498367077,0.00451444996295056,0.786083140711846,1.54155172869091,0.543429387167236,0.102162781662331,0.0471164292079071,1.20137621269999,,0.0,2
Lao People's Democratic Republic,3A,63.0,67.61,0.609,1785.5813301256514,Asia-Pacific,LM,7.061509765625019,0.744426558258783,0.0828405714786625,0.448903828681297,0.0141008293316803,0.152221588888012,0.861961635848723,2.30445501248716,0.743437508535126,0.242819774473673,0.362939349387282,0.0164409420245198,0.322027671003662,1.83988683431227,0.11699467057589,0.652271902502841,0.0309699136384695,1.696884633864,312.0,1.0,3
Latvia,3A,79.2,74.7829,0.863,16252.398615921244,EU,HI,1.92845996093749,1.31554579552962,0.15750509750384,4.29584512797944,0.284350258608182,0.0921169922471509,1.40537226363663,7.55073553550487,0.792463096716113,0.146518151836528,3.19164857956522,0.25642785040817,1.92599917232361,6.40517384309679,0.24005946902462,4.44519646149351,2.06275249444696,8.15567121274186,89.0,3.0,3
Lebanon,3A,66.8,78.875,0.747,6204.862959130629,Middle East/Central Asia,UM,6.859410156249989,0.125671967836407,0.0304359138448088,0.00174653506824409,0.00300245998466896,0.0539079149351823,1.36652591139627,1.58129070306558,0.581943833647208,0.330453241604065,0.146353124564089,0.0422873440338993,1.80877174402287,2.96371720280731,0.0304359138448088,0.0382042536976029,0.00493782788577859,0.253157878199779,193.0,2.0,3
Lesotho,3A,54.6,53.705,0.522,1374.5143751765984,Africa,LM,2.10833007812499,0.0689161298673667,0.426778276014903,0.387397546793088,3.5649392808175e-05,0.00808297285475328,0.409795660438117,1.30100623536104,0.253515156501637,0.254983707674194,0.423464136432229,0.00805345000426805,0.596044203040207,1.54414362650729,0.718018322635384,0.00181504599648323,0.0,0.796832471353987,,1.0,3
Liberia,2A,48.6,63.73,0.48,541.2712433800713,Africa,LI,4.818970214843739,0.139432726634208,0.0215318301205742,0.784126761493847,0.0432412327424055,0.0347095857722093,0.0711890948706548,1.0942312316339,0.288645224105151,0.0335432175111294,0.761355517405608,0.0517513989066456,0.072956738479446,1.24296168218019,0.33355456631482,2.2018896763846,0.279127380612649,2.98871393571848,,0.0,2
Libyan Arab Jamahiriya,3A,,72.724,0.721,8038.589086418168,Africa,UM,6.67856005859375,,,,,,,2.92024678595166,,,,,,3.28113460730195,,,,0.59925087081918,175.0,2.0,3
Lithuania,3A,76.7,75.6805,0.876,17744.05082952606,EU,UM,2.80126000976563,,,,,,,5.41524803382763,,,,,,6.00078459946608,,,,4.74991923456695,95.0,2.0,3
Luxembourg,3A,74.2,82.2951,0.913,111380.64947802796,EU,HI,0.604244995117186,,,,,,,6.2639223889631,,,,,,12.9503590124291,,,,1.20772130207608,44.0,3.0,3
Madagascar,3A,49.0,66.681,,,Africa,LI,26.26230078125,0.208615514614626,0.315627085722102,0.215441627435248,0.0202342461660248,0.0616783350220368,0.0424881278139562,0.864084936773995,0.244842676327043,0.313680126897819,0.218091230119559,0.0184894695187581,0.0942712322456213,0.951053070130837,1.10399207105648,0.655478043058958,0.18054509822097,2.21030906197307,,0.0,3
Malawi,3A,51.4,,0.478,515.1098153814952,Africa,LI,18.14319921875,0.480070806660045,0.0656846860196025,0.177599713309605,0.0197080201210785,0.0666123535800066,0.0293919537549049,0.839067533445243,0.464461294517614,0.0663851146780955,0.178200549870146,0.0210526402141841,0.0836611446603096,0.880373097520357,0.0656846860196025,0.0141720854551978,0.0486169606223313,0.675156892337183,,0.0,3
Malaysia,3A,70.9,75.997,0.805,12116.214158842971,Asia-Pacific,UM,31.5279999999999,0.721965710043476,0.00196731355002335,0.356231789994165,0.411171946629692,0.0701834551716671,2.64920317782693,4.21072339321595,0.708311652782241,0.133881272267589,0.360094744664072,0.432480180161631,2.5545031330091,4.2594544380563,0.0169637669750814,0.572719425809462,0.779301378388529,2.16113373638822,134.0,2.0,3
Mali,3A,52.2,,0.431,778.7259789376953,Africa,LI,19.07769921875,0.67191335473751,0.553318598541872,0.144038632064251,0.0116215388033784,0.0974597287697206,0.0933605760409607,1.57171242895769,0.68803259252119,0.476009490762902,0.143437373717179,0.0327100620779628,0.191385348693027,1.62903459654198,0.553318598541872,0.514359819173664,0.0382111674108789,1.87526266863365,353.0,0.0,3
Malta,2B,75.7,82.4488,0.894,31603.55982841433,EU,HI,0.439247985839844,,,,,,,1.356756897115,,,,,,5.45122858025085,,,,0.48537007274256,104.0,3.0,1
Martinique,2B,,,,,Central America/Caribbean,,0.375673004150389,,,,,,,2.02918070771243,,,,,,3.49389618229202,,,,0.408065286807219,164.0,,1
Mauritania,2A,55.5,64.704,,,Africa,LM,4.403310058593769,0.109650545621247,1.43971386424286,0.190796856385774,0.406139033548266,0.0580630324107828,0.279842311770729,2.48420564397966,0.452952729656864,1.30622971380842,0.196751741353652,0.0794722047876212,0.423165804429305,2.51663522644664,2.51214509942612,0.054254461586779,1.18686859510926,3.92098173415419,228.0,1.0,2
Mauritius,2B,66.7,74.4163,0.801,10561.400120607126,Africa,UM,1.26718994140624,,,,,,,1.76567105045984,,,,,,3.22000230315406,,,,0.667019309545547,178.0,2.0,1
Mexico,3A,69.1,74.992,0.776,10381.088984158934,North America,UM,126.191,,,,,,,2.05239526310448,,,,,,2.38246197307718,,,,1.15460373271264,241.0,2.0,3
Mongolia,3A,63.8,69.689,0.735,4210.843450411825,Asia-Pacific,LM,3.17021997070312,0.167473229312024,5.4423183094661,0.10684171485646,1.20073196316114e-05,0.0241003586822616,2.31809828331021,8.05884390294668,0.333848725360166,4.44132435370552,0.14928882026143,0.00376848268721474,2.32338482587923,7.27571556657582,7.22181468295466,6.65015330416621,0.078883165455409,14.1424247405706,78.0,1.0,3
Montenegro,3A,68.2,76.77,0.826,8179.748662821381,Other Europe,UM,0.627809020996094,0.063444586279357,0.179040951590795,0.801104572452289,0.015084802355875,0.00885123046870867,1.35924549461696,2.42677163776398,0.634547104773938,0.422588562473004,0.600006762866563,0.0715762180229677,2.4912011513193,4.22877102992449,0.188679282616761,2.01032355343244,0.239746490479392,2.51104514327666,135.0,2.0,3
Morocco,2A,,76.453,0.68,3413.9069437141293,Africa,LM,36.0291015624999,0.430324468372066,0.154026930650935,0.0751364588374645,0.117583944332109,0.0493395044204996,0.617148293908205,1.44355960052128,0.662856190878053,0.158141496461405,0.150494684695344,0.0709822417121151,0.66174007530036,1.75355419346778,0.154026930650935,0.0877864009745079,0.0670761981983162,0.788553502616325,328.0,1.0,2
Mozambique,3A,51.1,60.163,0.452,592.5108489286703,Africa,LI,29.4959999999999,0.226762007836401,0.018636339486329,0.26051956041469,0.024397980148811,0.0518530374491383,0.0912074811222978,0.673376406457668,0.279171864457371,0.0228953465756169,0.245616784482953,0.0329531128365034,0.166682750085712,0.799172895887295,0.659216320860475,0.488341753339465,0.142141927192465,1.56831504667794,,0.0,3
Myanmar,3A,64.9,66.867,0.579,1573.149750987776,Asia-Pacific,LI,53.70830078125,0.947821970420568,0.00459633155801861,0.325187307501996,0.0621485168861377,0.120208668077518,0.202748540772107,1.66271133521635,0.841386924751773,0.00910912523954602,0.338093364419774,0.0457031291014228,0.303670266332488,1.65817147792252,0.00459633155801861,0.509579777864589,0.280429709930508,1.8626364578512,347.0,0.0,3
Namibia,2A,61.8,63.373,0.645,5942.286365988372,Africa,UM,2.44830004882812,0.126108931516603,1.26112093368407,0.242007893160282,2.1464146256745398,0.0195412795341702,0.561778175526226,4.35697183909589,0.29543114201994,0.245578811949357,0.25542674226849,0.511770955948708,1.18230367827055,2.51005260999122,1.47701839703986,0.307029024175542,4.39192778840751,6.32162542067369,229.0,2.0,2
Nepal,3A,66.5,70.478,0.596,817.5521748421545,Asia-Pacific,LI,28.0956992187499,0.368480584037828,0.0468712050608308,0.191522682105948,0.00113808555264184,0.103597261512608,0.161269644188332,0.872879462458188,0.476259635363617,0.0595205232896447,0.199757370572248,0.00408428227028872,0.346222978437622,1.18944205144603,0.0468712050608308,0.0938443741371882,0.00496872816002454,0.61776215290848,,0.0,3
Netherlands,3A,81.6,81.8122,0.942,55369.23300982671,EU,HI,17.0853007812499,0.175777386583018,0.0424551479170625,0.0836226656995078,0.141511989568938,0.069512542567257,3.10623847549273,3.61911820782851,1.04426999171493,0.58003065560321,0.341892206066027,0.00216923426154438,3.65369315234102,5.69156778255399,0.0424551479170625,0.0746093087188799,0.417288818616891,0.779643204403109,100.0,3.0,3
New Zealand,2B,79.1,81.8585,0.928,39214.61241742537,Asia-Pacific,HI,4.7431298828124895,,,,,,,12.0559431036444,,,,,,5.30024454272019,,,,8.83559736712027,107.0,3.0,1
Nicaragua,3A,66.3,74.275,0.659,1857.056685484503,Central America/Caribbean,LM,6.46549999999997,0.379832964408539,0.542100936984834,0.374157626519428,0.0924397204278175,0.0481740650427554,0.267235350539914,1.70394066392329,0.292928057373775,0.199295910482429,0.398710839058532,0.0261389717393259,0.462215621444879,1.4274634651417,0.542100936984834,0.771101925062932,0.452359614755332,2.19356950625439,,1.0,3
Niger,3A,,62.024,0.391,552.3241114520821,Africa,LI,22.44280078125,0.829996364626125,0.393352155598173,0.217472322162512,0.00502738665593487,0.0412394252744863,0.0285021733719049,1.51558982768914,0.820321441187317,0.388201498787552,0.218267800993263,0.00740629164781417,0.0679331922295797,1.54336965012001,0.393352155598173,0.0363225574745543,0.000487226059105165,1.30139772903244,,0.0,3
Nigeria,3A,48.9,54.332,0.534,2384.1735800893425,Africa,LM,195.875,0.482714933164087,0.0898655181949677,0.162991563277647,0.0212418844047657,0.0553278295675901,0.165229471314388,0.977371199923445,0.508990830442091,0.0957326831727594,0.167971456361469,0.0398115851559402,0.219887079442275,1.08772146414212,0.0963809842099925,0.0371741410054119,0.0159920586886323,0.687589946635713,,1.0,3
Norway,3A,82.0,82.7585,0.956,91608.03070432124,Other Europe,HI,5.3379599609375,0.155602587684484,0.317249678380616,1.52845679793706,5.51873103749215,0.0273746142005462,2.78304996588163,10.3304646815765,0.829313647704449,0.276929040239885,0.885709248504835,1.15171151776193,2.4978648423053,5.66890291071694,0.574952029797569,3.29811853656122,2.85244013229043,6.90848790053425,100.0,3.0,3
Oman,3A,70.1,77.633,0.813,15796.763745538165,Middle East/Central Asia,HI,4.82947021484374,,,,,,,6.50711067692585,,,,,,6.28841815446399,,,,1.4269870714483,90.0,3.0,3
Pakistan,3A,,67.114,0.552,1196.8260549974614,Asia-Pacific,LM,212.22799999999899,0.244267540716012,0.00327675915089209,0.0657593773807392,0.0206964111162715,0.0375595296148876,0.308425197143191,0.679984815121994,0.255168458908485,0.00450189486665063,0.0785332477702322,0.0116475690481977,0.383623768691558,0.771034468900011,0.00327675915089209,0.0188485499659512,0.0301683589481987,0.334120738395942,,1.0,3
Panama,3A,68.0,78.329,0.812,11755.11773707277,Central America/Caribbean,UM,4.1768701171875,0.141205161392816,0.392724968455583,0.158364086126834,0.6423035904566,0.0275344180004125,0.813337721037376,2.17546994546962,0.434266816619027,0.402243562890444,0.190293114072385,0.435555575551962,1.43318865537255,2.92308214250678,0.392724968455583,1.40177276811608,0.55061471272645,2.51385202869134,196.0,2.0,3
Papua New Guinea,2A,51.3,64.263,0.549,2397.656518782972,Asia-Pacific,LM,8.60632031250003,0.343028557971803,0.000153971001729794,0.570809842753298,0.997205052982947,0.140351168772164,0.218261877515448,2.26981047099739,0.277845425214197,0.0237227790944533,0.268787589714066,0.793047244422011,0.218426180361841,1.72218038757873,0.0311254740813242,2.30736796969655,0.604420783500129,3.42629395402197,334.0,1.0,2
Paraguay,3A,66.9,74.131,0.727,5379.589473025855,South America,LM,6.95606982421875,2.39786214080968,1.78350890638115,0.808379951958358,0.00671691261485046,0.128742649071894,0.427148532596934,5.55235909343286,0.689373085659922,0.829807057696237,0.829867395580199,0.00930114148561475,0.582858477682416,3.06994980717628,2.19151614441759,5.29613737466994,0.0495274636813149,10.0637857726504,187.0,1.0,3
Peru,3A,71.1,76.516,,,South America,UM,31.9893007812499,,,,,,,2.14559849627081,,,,,,2.35744709916995,,,,3.59624291282081,244.0,2.0,3
Philippines,3A,64.5,71.095,0.711,3187.9682328341974,Asia-Pacific,LM,106.651,0.304242828960303,0.00447940366155396,0.0661191602076112,0.202044701342645,0.0572334568047765,0.447010806049251,1.08113035702614,0.42272363325313,0.0379949298478956,0.108938910041868,0.208882587582866,0.632082537597717,1.46785605512825,0.0144412203159643,0.0774864399066242,0.0612239990443499,0.514627945032017,,1.0,3
Poland,3A,80.2,77.6024,0.877,16665.96277476253,EU,HI,37.9216015624999,0.819506745874958,0.0713135352294788,0.810039492347984,0.0263801138131971,0.102389561187448,2.88559131930917,4.71522076776224,0.643771093656372,0.0229085625259396,0.899150005579552,0.0696290060318673,3.01689750147998,4.75474573046116,0.0713135352294788,0.781963067460149,0.108252144515201,1.88342505426724,120.0,3.0,3
Portugal,3A,78.6,81.3244,0.86,24180.495239684,EU,HI,10.2562001953125,0.244691772284701,0.0905149970394996,0.907199520071583,0.217497831362169,0.0276427268651105,1.69857235333461,3.18611920095767,0.8324974699971,0.352087721928419,0.407803804158932,0.35821989577968,2.57344674439583,4.55169836312507,0.0905149970394996,0.855697435162337,0.0751765610432712,1.29372349239492,125.0,3.0,3
Qatar,3A,66.7,80.1,0.845,63990.1082706583,Middle East/Central Asia,HI,2.78167993164061,0.0071146081436553096,6.5789479186884e-05,0.000693647141827972,0.0758230371754671,0.0491230207212639,11.8103776827719,11.9431977854333,0.706292671221089,0.34224876713946,0.190356804103611,0.159984587146816,12.8229477436623,14.2709535939946,6.5789479186884e-05,0.0,0.86404971828195,0.920353136626056,40.0,3.0,3
Republic of Moldova,3A,73.7,71.808,0.746,2355.723465310615,Other Europe,LM,4.05193994140624,1.03196987856975,0.0587882715535499,0.121494300996538,3.86807853238413e-05,0.0654304466158183,0.708268426461973,1.98599000498295,0.539242190978059,0.0607838071369128,0.193669692584361,0.0503111968325541,0.959221426448363,1.86865876059607,0.0587882715535499,0.0808262970269826,0.00867791889725312,1.24569281266335,308.0,1.0,3
Republic of North Macedonia,3A,72.5,75.688,0.77,5452.001100822315,Other Europe,UM,2.08295996093749,0.413879318292201,0.153601712573525,0.1636174981256,0.000396097906789061,0.0269217982027032,1.26477893367413,2.02319535877495,0.659995779818413,0.2336608984362,0.307379944866914,0.0327637370243962,1.83687952489486,3.09760168324349,0.153601712573525,0.889261896378682,0.00946678798997814,1.49313151343709,185.0,2.0,3
Réunion,2B,,,,,Africa,,0.882526000976561,,,,,,,2.14491612292662,,,,,,4.59353837442126,,,,0.174215295341021,124.0,,1
Romania,3A,75.0,75.3585,0.823,11534.853430762852,EU,UM,19.5060996093749,1.56744843078898,0.134990406764952,0.478648727256102,0.00101803406294078,0.190782581877218,1.36767198146814,3.74056016221833,1.04682165708287,0.0855837502377435,0.555566110397378,0.0425779125873944,1.66305298121437,3.58438499339697,0.134990406764952,1.19320338971518,0.0918162827920211,3.17824109193835,160.0,2.0,3
Russian Federation,3A,73.8,72.6622,0.823,11939.561118201738,Other Europe,UM,145.73399999999899,0.993399224092578,0.0212927560192908,1.08806980611248,0.289734828636057,0.039187934991867,3.99531064081377,6.42699519066605,0.639638510105321,0.0912045813887174,0.745655958587947,0.18908012271916,3.60586758618207,5.31063469397508,0.33244884690102,4.18532947152863,1.16516947277751,6.7155349502916,107.0,2.0,3
Rwanda,3A,57.6,68.7,0.54,845.3991220939754,Africa,LI,12.3019999999999,0.289002803935113,0.0475004454722262,0.22165363907631,0.00240735990666248,0.0428401243125141,0.0370417066709113,0.640446079373737,0.323964027580119,0.0433151995706909,0.225008699624614,0.021299333583403,0.102909096437313,0.759336481108654,0.0475004454722262,0.0075188604312394,0.00494796998441564,0.391810204135508,,0.0,3
Saint Lucia,3A,,76.057,0.758,9237.391651436335,Central America/Caribbean,UM,0.181889007568359,0.081443677001357,0.00149471723794831,0.0196798028167367,0.159746379157658,0.00189035661091451,0.664919605307138,0.929174538131752,0.451205468672395,0.160333659445442,0.0789054257170625,0.219222122077069,1.35222920307108,2.26378623559396,0.00149471723794831,0.0949394602519323,0.140704970091453,0.320473181193606,254.0,2.0,3
Samoa,2B,,73.187,0.709,3753.968093695815,Asia-Pacific,LM,0.196128997802734,,,,,,,1.48721731491201,,,,,,2.65161383078762,,,,1.74377934883538,216.0,1.0,1
Sao Tome and Principe,2B,58.8,70.17,0.624,1296.7473518125394,Africa,LM,0.211027999877928,,,,,,,0.952368578194114,,,,,,1.28480353016925,,,,0.772470531960801,,1.0,1
Saudi Arabia,3A,66.3,74.998,0.854,20829.12944109227,Middle East/Central Asia,HI,33.702800781249906,0.0668188673733406,0.0490915938385557,0.00337080037487851,0.02630916386703,0.0386001786526062,5.64199271726381,5.82618332137022,0.646579725235858,0.170916425925699,0.169133575711802,0.061169837950912,3.86902671658319,4.95542646006006,0.0999399219778904,0.0534492120149432,0.150009672002236,0.408817852021017,115.0,3.0,3
Senegal,3A,58.4,67.665,0.516,1547.1008055964803,Africa,LM,15.854299804687399,0.375897013537491,0.151517282869433,0.168885455425487,0.206170701982045,0.0532554782297855,0.215154526302707,1.17088045834695,0.560649896728969,0.18234324243993,0.182695896059647,0.109171462659201,0.323906605554624,1.41202258167216,0.151517282869433,0.379301454267158,0.148697437197523,1.10866866610139,,1.0,3
Serbia,3A,75.6,75.8902,0.803,5471.835505949833,Other Europe,UM,8.802750000000021,1.10691058471083,0.017902985327501,0.392321835471957,0.00186669695494389,0.0789518312938996,1.75726723855961,3.35522117231874,0.752455762176445,0.0359642475480458,0.493796566024745,0.031768449771072,1.67757563056144,3.07051248737564,0.017902985327501,0.473197481195397,0.00356509487153461,1.68052797739916,187.0,2.0,3
Sierra Leone,3A,51.7,54.309,0.447,472.8260290549115,Africa,LI,7.6501499023437205,,,,,,,0.972490086305308,,,,,,1.1336960483759,,,,0.997998415839256,,0.0,3
Singapore,3A,69.9,83.2976,0.936,57837.60312635693,Asia-Pacific,HI,5.7575,0.0008462422300833,0.0,0.00188192271946639,0.00182573898900779,0.0412272547967222,3.19990613065152,3.2456872893868,0.621485666535708,0.242581396711579,0.207203040976331,0.197772046984763,4.62121654779847,5.93148595380357,0.0,0.00218018449286498,0.0124438660236191,0.0566975475432896,96.0,3.0,3
Slovakia,3A,79.6,,0.858,20539.115977021003,EU,HI,5.453009765625,0.806989411948195,0.05176962585855,1.19165127385747,0.00157546584093345,0.117866414135452,2.28084044676891,4.45069263840951,0.590597937211497,0.183111747396982,0.89300063825203,0.0424439313922312,2.9044437775978,4.73146444598599,0.0535297220175272,1.81078572285744,0.00218573640180496,2.79135700736042,121.0,3.0,3
Slovenia,3A,81.6,81.3781,,,EU,HI,2.0778400878906202,,,,,,,4.27878351458307,,,,,,5.36620072221973,,,,2.19943158477546,106.0,3.0,3
Solomon Islands,2A,,72.835,0.564,1773.6962451604008,Asia-Pacific,LI,0.652856994628909,0.348453109934861,0.005552469371648,3.47930269753881,2.58163737208474,0.131497254219835,0.106280968643458,6.65272387179335,0.38798544244174,0.0420164166325957,0.0782015219037017,1.07650575611469,0.055498669806322,1.77170506111888,0.005552469371648,2.13751521294526,1.00550163691536,3.62851968338697,325.0,0.0,2
Somalia,3A,45.6,57.068,,,Africa,LI,15.0082001953126,0.0396739228567964,0.383808446611211,0.397199402081706,0.00303406187014142,0.0294696486974349,0.0155005302699479,0.868686012387237,0.166265637957404,0.370405330577345,0.409204312128538,0.00385507623988079,0.0368216836446526,1.01602168924525,0.383808446611211,0.137961192181951,0.22705379606094,0.817967006408333,,0.0,3
South Africa,3A,63.7,,,,Africa,UM,57.792500000000096,0.253768314312397,0.138960974153438,0.26768225175628,0.0742921973490269,0.0337104320311333,2.62168067179087,3.39009484139315,0.304365507753241,0.0850696562218619,0.221165863424323,0.084178679711011,3.07197210757971,3.80046224672128,0.522085434853397,0.0328443777117092,0.153766845801791,0.996175404710427,150.0,2.0,3
South Sudan,3A,,57.604,0.429,,Africa,LM,10.975900390625,0.252910000706849,1.0640019720713,0.162049935311633,0.00443920582495242,0.0438069439872292,0.0481100271443588,1.57531808504632,0.289898005485423,1.06483629968125,0.160479058578156,0.00458767415661609,0.0481100271443588,1.61171800903303,1.0640019720713,0.361423440923404,0.00657009862047538,1.72871245630925,357.0,1.0,3
Spain,3A,79.5,83.4317,0.905,32981.46081167656,EU,HI,46.6928984375,0.977625810565878,0.132164411362159,0.258047520930538,0.371291442675504,0.0647081352416866,1.92181930912021,3.72565662989597,1.13221860542084,0.161367595005233,0.298313005065874,0.348837481120003,2.38604638427917,4.39149120613281,0.132164411362159,0.302175492230112,0.0585810865080432,1.53525493590788,130.0,3.0,3
Sri Lanka,3A,68.1,76.812,0.779,4028.206815880475,Asia-Pacific,LM,21.22880078125,0.270144028809477,0.00195493218447933,0.104423562839695,0.229320181319528,0.0524122234701586,0.346308226549227,1.00456315517257,0.365389120051119,0.0142599387346963,0.164920674616751,0.248202778950171,0.668001219147438,1.51318595497033,0.0194963781453861,0.0438665414178138,0.0682495199828065,0.454168691825642,,1.0,3
State of Palestine,2B,,73.895,0.708,2805.316915716577,Middle East/Central Asia,LM,4.86297998046873,,,,,,,0.300103060315039,,,,,,1.14159590324971,,,,0.095924858058625,,1.0,1
Sudan,3A,49.5,65.095,0.506,1589.5984593854364,Africa,LM,41.8014999999998,0.522652612935842,0.522425496856234,0.159289858474697,0.000806863001156925,0.0476004571631652,0.163997150866794,1.41677243929789,0.538621925741858,0.511444822634059,0.16781968678593,0.00114753604635824,0.208603090991195,1.47523751936257,0.522425496856234,0.248007643125852,0.0210245197093514,1.36171072979044,,1.0,3
Suriname,3A,67.0,71.57,0.734,8100.331740316328,South America,UM,0.575989990234375,0.347700372890879,0.0248078126940158,1.36240505716044,0.356749947741608,0.0938054706687207,1.35546225898055,3.54093092013622,0.322577574113272,0.00194393440462375,0.741388952925166,0.248663172021166,1.65618794778424,3.06456705191719,0.0248078126940158,73.0391852788138,6.86802566996908,80.3735246050365,187.0,2.0,3
Sweden,3A,85.6,82.5585,0.943,59067.51755638232,EU,HI,9.9716396484375,0.388176273718079,0.17319291581157,5.01040393781239,0.0660129623957358,0.0720812161561288,1.32088427355604,7.03075157944995,0.663205219848152,0.383629476056116,1.72135859200906,0.117643733958309,3.31833743442343,6.27625567245119,0.236758316296152,6.1715985315099,2.09046466093791,8.95907899861816,91.0,3.0,3
Switzerland,3A,80.1,83.7537,0.955,79173.21718512419,Other Europe,HI,8.525610351562491,0.14420148707879,0.104567407130239,0.340452898713344,0.00211682929257622,0.0512627463842601,1.51421003003343,2.15681139863264,0.589137183813361,0.190850006554634,0.335532830607855,0.0656884371643593,3.11577893432927,4.34825013885374,0.104567407130239,0.68809809460887,0.00613069879114166,0.994260433993301,131.0,3.0,3
Syrian Arab Republic,3A,58.0,71.779,0.563,,Middle East/Central Asia,LM,16.9450996093749,0.273943466673536,0.12769224038122,0.00240415911766709,0.000789911481823861,0.023485407782155,0.54192714019398,0.970242325630382,0.376322804156118,0.0549408215851158,0.036044189453646,0.00782357644448896,0.838387137099273,1.3370039365208,0.12769224038122,0.0568074986443405,0.00484817432727998,0.486776787808532,,1.0,3
Tajikistan,2A,69.8,70.879,0.661,1073.0230007779585,Middle East/Central Asia,LI,9.100830078125009,0.249689457675032,0.121868384900884,0.152255632887194,0.000229469896709347,0.0878829565233264,0.291679761624731,0.903605663507877,0.400579136083043,0.125396032828221,0.214265079485744,0.00207390010533304,0.297452623394932,1.1276497284206,0.121868384900884,0.00578936752184058,0.0103730164431534,0.475603183064236,,0.0,2
"Tanzania, United Republic of",3A,56.4,65.015,0.524,931.3041204253866,Africa,LI,56.3133984374997,0.444377567606418,0.285459299408539,0.201178355223594,0.0865418041857202,0.0649640220712573,0.0682311074207814,1.15075215591631,0.413351827430761,0.283520092449183,0.205337604335375,0.0768688793634451,0.128910369191484,1.17295279484151,0.285459299408539,0.137477687434075,0.0517021829689296,0.983980759489219,,0.0,3
Thailand,3A,74.2,76.931,,,Asia-Pacific,UM,69.4285,0.777926580715887,0.000937356990051759,0.246512565025729,0.118769918559108,0.0686440813940758,1.2967433660225,2.50953386870735,0.442609515943989,0.0222665324421519,0.172701352242342,0.195614280869685,1.45053098015966,2.3523667430519,0.0102567407053492,0.22636416456263,0.187576188089276,1.27076775546722,244.0,2.0,3
Timor-Leste,2A,,69.26,0.599,839.8858211204004,Asia-Pacific,LM,1.26796997070312,,,,,,,0.392979838245063,,,,,,0.592356130603373,,,,1.66612096550616,,1.0,2
Togo,3A,53.2,60.76,0.51,676.9881070921215,Africa,LI,7.8890898437500105,0.33498223015405,0.0975197629990918,0.227690400129436,0.0131112090817868,0.0268327894214907,0.0865691680131775,0.786705559799033,0.370508986948896,0.0929927486108598,0.232955795891443,0.0723767001086574,0.248064258983236,1.04373127996458,0.100304955363294,0.113681373184178,0.018094262354392,0.593895610477406,,0.0,3
Tonga,2B,,70.801,0.723,4377.67576717754,Asia-Pacific,LM,0.103196998596191,,,,,,,1.00229977503106,,,,,,2.92057652446973,,,,1.08131338559802,196.0,1.0,1
Trinidad and Tobago,2A,63.5,73.38,0.795,15161.241954618194,Central America/Caribbean,HI,1.38983996582031,0.0399772856354329,0.00588423119507956,0.0915499634148002,0.0600808080803293,0.00111952561179472,7.62068194583408,7.81929375977152,0.446147121205884,0.176773341645518,0.277206632050356,0.101332199024412,6.44116270773825,7.44374152727621,0.00588423119507956,0.137007484392132,1.31468833585365,1.49867686268809,76.0,3.0,2
Tunisia,3A,71.4,76.505,0.738,4408.371592275959,Africa,UM,11.5652001953125,,,,,,,1.50267738867829,,,,,,2.02437961501041,,,,0.685543869011671,284.0,2.0,3
Turkey,3A,70.4,77.437,0.817,15180.93828255958,Middle East/Central Asia,UM,82.3401015625,0.662302542038619,0.0867871547930788,0.215395532827223,0.0263909535521746,0.0336484545899912,1.75300216013424,2.77752679793533,0.769736494459837,0.167141099186983,0.320367190642243,0.0315541881778962,2.02277608029631,3.34522350735326,0.0867871547930788,0.482529558542926,0.0393771004924431,1.30464481045706,171.0,2.0,3
Turkmenistan,3A,,68.073,0.71,7647.951724840672,Middle East/Central Asia,LM,5.85089990234375,0.365679135367983,0.508856369075197,0.000644603344327457,0.00338155610213344,0.0606409343760025,4.14058566574522,5.07978826401086,0.430756658621419,0.394893634581083,0.0267565251937915,0.0049506988582504,3.97890944841757,4.89690790004812,1.73275022596252,0.0130230501454486,0.113192738501504,2.28528608435346,116.0,1.0,3
Uganda,3A,53.5,62.973,0.538,933.7148072737464,Africa,LI,42.7290000000001,,,,,,,1.0230729608773,,,,,,1.0589566182808,,,,0.467075084808956,,0.0,3
Ukraine,2A,75.5,71.5827,,,Other Europe,LM,44.2461992187498,1.93144276823067,0.0056474399702548,0.232153503788996,0.00259392695212368,0.0843714180652981,1.53921191287706,3.7954209698844,0.634455902528195,0.01209262631067,0.190819759125839,0.0618532292643202,1.43917995457233,2.42277288986665,0.138468017841144,0.429617285691444,0.154235642855201,2.73813513268375,237.0,1.0,2
United Arab Emirates,3A,70.2,77.814,0.889,41325.0601823972,Middle East/Central Asia,HI,9.6309599609375,0.0195332487015126,0.00114010612468228,0.000738053553912135,0.13832113831898,0.0,6.41942020588948,6.57915275258855,0.916149624732092,0.553406103946956,0.409130524414654,0.277738017252399,5.93979437430913,8.09621864465523,0.00114010612468228,0.0607453769246941,0.43579148972918,0.517210221480069,70.0,3.0,3
United Kingdom,3A,80.0,81.2561,0.928,42894.35426799058,EU,HI,67.141703125,0.397248596557071,0.102704468272701,0.103554521028872,0.0938114808217451,0.12623625833097,1.84754565980677,2.67110098481813,0.698640581645324,0.25519311018372,0.443343061302733,0.0835617283115779,2.57234903846554,4.17932377823987,0.102704468272701,0.116913489984732,0.284563164630035,1.02766597777551,137.0,3.0,3
United States of America,3A,76.0,78.639,0.925,54723.9954019615,North America,HI,327.096,1.25749727963252,0.251620706851246,0.915305077866832,0.098262233481241,0.0723059299494698,5.22836359817431,7.82335482595562,0.937991649464075,0.289092388746546,0.921738066049949,0.127889753009215,5.77336533764403,8.12238312486328,0.251620706851246,1.48439474272712,0.32008382590128,3.38590248506163,70.0,3.0,3
Uruguay,3A,74.5,77.77,0.816,14617.543247214457,South America,UM,3.44928002929686,0.989639725211958,4.20466661318131,3.1819536258069,0.182540875190675,0.0996278014662763,0.643566369619876,9.301995010477,0.149610076716459,0.0660189281746904,0.27690918371446,0.0676554713702281,0.598799056269863,1.25862051771198,4.77702080239695,1.30696681481338,2.14742000657677,9.32067515046533,,2.0,3
Uzbekistan,3A,69.8,71.573,0.717,2408.6100554167856,Middle East/Central Asia,LM,32.47619921875,0.364525481064564,0.164675768301137,0.000492397548877015,0.00581208565546212,0.0637246068096725,1.18653412151283,1.78576446089254,0.446585630188258,0.1644652535705,0.0885336448560788,0.00712478268488282,1.26793293411472,2.03836685222411,0.164675768301137,0.0564117391028437,0.00939279143435049,0.658730386712568,282.0,1.0,3
Vanuatu,2C,60.5,70.323,0.603,2864.828553309515,Asia-Pacific,LM,0.292679992675782,,,,,,,,,,,,,,,,,,,1.0,0
"Venezuela, Bolivarian Republic of",3A,59.3,72.128,0.733,,South America,UM,28.887099609375,0.114158454304776,0.592644384538061,0.0878359071755533,0.0794514997609427,0.0294515328591563,1.38610228789428,2.28964406653277,0.285138506527032,0.621754226553412,0.0882297417869936,0.0763977336847984,1.29064062318338,2.39161236459477,0.592644384538061,1.77347485680745,0.250735899557668,2.76046512806711,240.0,2.0,3
Viet Nam,3A,72.8,75.317,0.7,1967.638624327549,Asia-Pacific,LM,95.546,0.525034705757987,0.00357402395812837,0.350116283101886,0.0925549961031576,0.0914840412998475,0.956974058384008,2.01973810860501,0.513525211165648,0.0273435477563489,0.425155435316372,0.0742445152417002,1.14039291870685,2.27214566948676,0.00900533236237547,0.159298644955257,0.153510885168599,0.938333609544066,253.0,1.0,3
Yemen,3A,52.9,66.096,0.468,632.9095886640682,Middle East/Central Asia,LM,28.4986992187499,,,,,,,0.333062129060227,,,,,,0.508541708003883,,,,0.374651320733143,,1.0,3
Zambia,3A,53.4,,0.582,1678.1814641262492,Africa,LM,17.3516992187499,0.220545578087575,0.130643257591453,0.608300798668467,0.00866593241563347,0.0434829536622605,0.157293988844322,1.16893250926971,0.207057034278858,0.130973906355631,0.615155172090632,0.0517495026345424,0.235610439023934,1.28402900804586,0.760214891997718,0.719844513247751,0.0193675737405627,1.76345551073587,,1.0,3
Zimbabwe,3A,58.7,,0.569,1305.8010537606497,Africa,LI,14.4387998046875,0.152608386369051,0.301816497692032,0.272790171192138,0.00176597368058476,0.0232045151661352,0.293603793401687,1.04578933750163,0.19339808663355,0.303349375927527,0.285176496647743,0.00722420833848481,0.403335632608152,1.21568831532159,0.301816497692032,0.134279962652494,0.00987033676248933,0.621779698642202,,0.0,3
